,question,img_id,answer,confidence,question_id
0,sáu chiếc bánh rán trông ngon ở đâu,64697,phòng bếp,0.039231084,1
1,em bé ngồi ở đâu,352155,giường,0.04940408,2
2,màu của con mèo là gì,401232,màu xanh lá,0.08707691,3
3,màu của bếp là gì,215135,màu trắng,0.08779619,4
4,bình tan đang giữ bao nhiêu bông hoa hồng lớn,274416,hai,0.19999798,5
5,người đàn ông ngồi trên một chiếc ghế dài và ăn những gì,498765,phòng bếp,0.03936945,6
6,những gì bên cạnh một con ngựa nâu,502410,hươu cao cổ,0.033132818,7
7,màu của vùng đất là gì,563155,màu xanh lá,0.0925414,8
8,những gì được cắt thành bốn lát trên đĩa,353830,phòng bếp,0.026802402,9
9,màu của bàn là gì,8999,màu xanh lá,0.08065918,10
10,những gì trên vỉa hè tại sân bay,413734,máy bay,0.03976315,11
11,nhiếp ảnh gia mặc gì,409331,phòng,0.032447267,12
12,người mặc gì khi kiểm tra ván trượt,559483,tàu hỏa,0.026191823,13
13,người phụ nữ làm bánh sandwich bơ đậu phộng ở đâu,262407,phòng bếp,0.087143704,14
14,những gì đỗ bên cạnh nhau trong một bãi đậu xe,570755,xe ô tô,0.027051665,15
15,cái gì đang ngồi trên máy tính xách tay,446352,con mèo,0.06359608,16
16,những gì đang được chuẩn bị trên chảo,408906,phòng bếp,0.03646145,17
17,bánh sandwich được gói ở đâu,254225,phòng bếp,0.04789247,18
18,có bao nhiêu con hươu cao cổ đang đi bộ qua bãi cỏ cao,382318,hai,0.22851798,19
19,những bàn phím nào nằm trên bàn,495973,phòng,0.03417913,20
20,gặm cỏ trong cánh đồng mở,548722,hươu cao cổ,0.043128416,21
21,những gì đang ngồi trên khúc gỗ lười biếng ngáp,388766,hươu cao cổ,0.029584998,22
22,hai giường được đặt gọn gàng ở đâu,435994,giường,0.08988,23
23,một thùng lớn và một nồi nhỏ ở đâu,305464,phòng tắm,0.10851729,24
24,con mèo cuộn tròn ngủ ở đâu,16664,giường,0.040511563,25
25,màu sắc của đồng phục là gì,133482,màu xanh lá,0.089331105,26
26,máy bay biên giới ngồi ở đâu,20727,phòng,0.022822486,27
27,màu sắc của đồ đạc là gì,453397,màu trắng,0.0886261,28
28,có bao nhiêu hình ảnh về các mặt hàng thực phẩm khác nhau,58796,hai,0.22247805,29
29,những gì trên các bài hát đang chờ hành khách cho chuyến đi tiếp theo của họ,537861,tàu hỏa,0.04532806,30
30,những gì bên cạnh một số đường ray xe lửa trống,483803,tàu hỏa,0.04587239,31
31,có bao nhiêu chiếc máy bay lướt qua nhau trên bầu trời,185579,hai,0.23518765,32
32,có bao nhiêu con chó ở dưới nước gần một chiếc thuyền với một người cứu mạng,256229,hai,0.23533691,33
33,đỗ những gì đang đỗ trong cánh đồng này,398507,xe ô tô,0.028686244,34
34,người phụ nữ cắt gì,538163,phòng bếp,0.054989174,35
35,nhóm phụ nữ đã tập hợp ở đâu,490099,phòng bếp,0.095564865,36
36,có bao nhiêu tay đua mô tô trên đường đua sắp rẽ,345608,hai,0.23405586,37
37,màu của áo là gì,65209,màu xanh lá,0.08839868,38
38,đâu là một vòi cứu hỏa sơn cũ,5913,phòng,0.022958878,39
39,cô gái nằm xuống trên đường với những người khác nhìn vào và một con ngựa rút những gì đỗ ở lề đường,552273,xe ô tô,0.020395044,40
40,màu sắc của hình ảnh là gì,182960,màu xanh lá,0.09449109,41
41,màu của vẹt là gì,240590,màu xanh lá,0.09408186,42
42,một đứa trẻ với một thanh kiếm ánh sáng đứng ở đâu,178746,phòng,0.048226222,43
43,những gì nằm trên mặt đất,545235,hươu cao cổ,0.020079758,44
44,màu của vòi nước là gì,493883,màu xanh lá,0.09338054,45
45,cái gì đậu trên bãi biển đầy cát,354533,xe ô tô,0.02411288,46
46,cái gì đang nằm xuống đeo một chiếc cà vạt bạc ở cổ,337180,con mèo,0.054203656,47
47,"những gì ăn mặc như những người lính, đến một chiếc thuyền",450762,con mèo,0.023068158,48
48,cái gì đang uống sữa từ mẹ nó,426075,hươu cao cổ,0.048953157,49
49,một bếp lò kép cũ nằm ở đâu,571808,phòng bếp,0.09492341,50
50,có bao nhiêu người trên đỉnh núi đang đi ván trượt,286061,hai,0.24682319,51
51,hai người giữ những gì,437262,phòng bếp,0.02179922,52
52,màu của tủ lạnh là gì,212181,màu xanh lá,0.087261334,53
53,những gì bên cạnh một cửa sổ,483531,giường,0.04535017,54
54,người trượt ván ở đâu,492548,phòng,0.03889229,55
55,người đi bộ ở đâu,292804,phòng,0.043037374,56
56,có bao nhiêu phụ nữ mặc váy hoa đang ngồi vào bàn,430257,hai,0.2228702,57
57,những gì đang đứng trên cỏ,521231,hươu cao cổ,0.035370395,58
58,những gì tụ tập xung quanh cây bởi dòng nước nhỏ,355860,hươu cao cổ,0.07335129,59
59,những gì đang ngồi đứng trên dây dưới  bầu trời nhiều mây,580931,xe ô tô,0.03114615,60
60,những gì kéo vào nhà ga,568961,tàu hỏa,0.065746054,61
61,người đàn ông vuốt ve là gì,546222,con ngựa,0.021478284,62
62,màu của cưỡi là gì,285042,màu xanh lá,0.09505176,63
63,con gì gặm cỏ và có hàng rào bao quanh bụi rậm,372252,hươu cao cổ,0.049941067,64
64,điều gì đang nhìn vào một cái gì đó trong khi đứng gần một hàng rào,384848,hươu cao cổ,0.073396266,65
65,có bao nhiêu lát bánh pizza với lớp phủ trên chảo,157204,hai,0.23328182,66
66,màu của cái tủ là gì,549725,màu xanh lá,0.086116135,67
67,người đàn ông ở đâu trong hồ,264930,phòng bếp,0.028052213,68
68,những gì đang nuôi và chiến đấu,449856,hươu cao cổ,0.03730123,69
69,màu của khu vực là gì,314647,màu xanh lá,0.09169993,70
70,có bao nhiêu chàng trai trên ván trượt tuyết đang đứng và tạo dáng chụp ảnh,249905,hai,0.23386209,71
71,những gì nằm trên tấm chăn bẩn cũ,383448,giường,0.038827185,72
72,hoa tulip trên bàn ở đâu,416468,lọ cắm hoa,0.03666676,73
73,người đàn ông đang cầm với một vết cắn được lấy ra khỏi nó là gì,412604,phòng bếp,0.029036729,74
74,màu của áo là gì,574645,màu xanh lá,0.094742715,75
75,những gì đã thay đổi để phù hợp với nhu cầu của người khuyết tật,564699,phòng tắm,0.04529962,76
76,màu của xe ngựa là gì,271949,màu xanh lá,0.08793596,77
77,ở đâu có nhiều chai một đầu bếp với tạp dề,235683,phòng bếp,0.08150448,78
78,khay nhựa trong có bao nhiêu chiếc bánh rán khác nhau,32115,hai,0.21558161,79
79,có bao nhiêu người cưỡi ngựa trên con đường mòn bên sông,170173,hai,0.2525118,80
80,người đàn ông cầm những gì chuẩn bị ném nó,409198,phòng,0.024395917,81
81,màu của chiếc ghế dài là gì,511143,màu xanh lá,0.09249261,82
82,ô dù bãi biển đỏ và trắng đông đúc là gì,388846,hươu cao cổ,0.01837051,83
83,sự phản chiếu của mèo xám và trắng ở đâu,458631,giường,0.03594126,84
84,có gì trên bãi biển,483311,hai,0.024929613,85
85,người đàn ông đã nấu một con gà tây ở đâu,59476,phòng bếp,0.0749161,86
86,có bao nhiêu con hươu cao cổ đang đứng yên khi gặm cỏ trên cành,183603,hai,0.25205413,87
87,em bé đang giữ một món đồ chơi nhồi bông ở đâu,175883,giường,0.110757336,88
88,những gì chứa đầy đá và trái cây,407976,phòng bếp,0.048891883,89
89,những gì đang được lên máy bay trong khi một người đàn ông tải hành lý tại một sân bay,475710,máy bay,0.026599852,90
90,người phụ nữ đang nói chuyện ở đâu,152566,phòng bếp,0.049076926,91
91,những gì đã đậu trong khi cảnh sát đang tụ tập với nhau,356263,xe buýt,0.024393624,92
92,người mặc những gì đang sử dụng điện thoại di động,473466,phòng,0.029123772,93
93,màu của gấu bông là gì,47944,màu xanh lá,0.09516062,94
94,có bao nhiêu kiện hành lý màu hồng ngồi trên sàn gỗ,125298,hai,0.23197758,95
95,màu của lửa là gì,398177,màu xanh lá,0.093431845,96
96,hai con cừu ở đâu với quần áo trên,162993,phòng,0.02759498,97
97,màu sắc của tán cây là gì,227577,màu xanh lá,0.08780349,98
98,những gì chứa đầy rau do tay nắm giữ,568882,phòng bếp,0.020697907,99
99,có bao nhiêu phụ nữ chèo thuyền trên sông,402073,hai,0.21208118,100
100,những gì chứa bồn rửa mặt và gương ở góc,383606,phòng tắm,0.07783973,101
101,những gì đỗ gần bộ cầu thang gạch,537611,xe ô tô,0.022300899,102
102,cái gì gắn liền với tháp đồng hồ cao,370103,xe ô tô,0.03774345,103
103,cậu bé đang đứng đâu,196900,phòng tắm,0.07029499,104
104,những gì đang ngồi trên mặt đất được kéo bởi hai người đàn ông,566538,con voi,0.058016695,105
105,những gì đang ngồi trên ghế xung quanh một cái bàn,507421,con mèo,0.027563281,106
106,những gì phản chiếu trong gương,490639,phòng bếp,0.030730207,107
107,có bao nhiêu con chó nhỏ được trang bị dây hãm và ngồi,149410,hai,0.24162653,108
108,cái gì đang nằm trên đi văng,406976,con chó,0.03511442,109
109,màu sắc của người trượt tuyết là gì,235110,màu xanh lá,0.08530056,110
110,người phụ nữ trong màu tím giữ gì,406182,phòng bếp,0.046935346,111
111,những gì đứng cạnh nhau khi họ nhìn thẳng về phía trước,557220,hươu cao cổ,0.04715589,112
112,những gì đỗ với những cái khác trong một bãi đậu xe,561037,xe ô tô,0.026277408,113
113,cái gì đang ngồi trên bờ biển,354744,con thuyền,0.039638683,114
114,mèo con màu xám đang mặc gì,453369,con mèo,0.03293353,115
115,màu của gấu là gì,503715,màu xanh lá,0.09273407,116
116,màu của bầu trời là gì,60953,màu xanh lá,0.091036856,117
117,màu của con mèo là gì,22415,màu xanh lá,0.08832991,118
118,gấu bông nhỏ đang ngồi ở đâu,52992,phòng,0.037617285,119
119,thủy tinh trong suốt màu xanh như vật thể tròn ở đâu,232410,phòng bếp,0.03550798,120
120,gia đình đang ngồi ở đâu,140867,phòng,0.06456045,121
121,"những gì đang đứng một mình trong một đồng bằng rộng, rộng",434735,hươu cao cổ,0.082841955,122
122,những gì tỏa sáng rực rỡ khi ván trượt đang nhảy lên,557396,tàu hỏa,0.026260156,123
123,có bao nhiêu cuốn sách của các tác giả khác nhau đang nằm trên giường,285477,hai,0.2174993,124
124,có bao nhiêu đường được gắn với biển báo dừng,247547,hai,0.25610164,125
125,màu của xe là gì,271395,màu xanh lá,0.08904134,126
126,những gì chứa đầy các chai rượu,581632,phòng bếp,0.040384147,127
127,có bao nhiêu người đàn ông trẻ đang ngồi trên ghế dài chơi trò chơi trên nintendo wii,472749,hai,0.23995759,128
128,màn hoa và khăn trải giường ở đâu,165410,phòng,0.06565805,129
129,có một con ngựa kéo những gì,508639,xe ô tô,0.022836776,130
130,màu của dấu hiệu là gì,312344,màu xanh lá,0.09743243,131
131,con gấu bắc cực đã nhúng gì trong nước,437426,con voi,0.01811988,132
132,có bao nhiêu màn hình được ghép lại với nhau làm màn hình,433277,hai,0.22321184,133
133,màu của phòng tắm là gì,392537,màu trắng,0.08500073,134
134,người đàn ông và hai phụ nữ ở đâu,466890,phòng bếp,0.07145143,135
135,có bao nhiêu người đang chụp ảnh nhóm trong trang phục công sở,395853,hai,0.21906635,136
136,cậu bé xem gì,417590,phòng,0.020101532,137
137,có bao nhiêu người đang trao cho nhau một high five trên sân tennis,284964,hai,0.23747714,138
138,có bao nhiêu đứa trẻ chơi với đĩa bay vào một ngày nắng đẹp,70258,hai,0.24662241,139
139,những gì chứa đầy sushi và rau,516871,phòng bếp,0.036257252,140
140,màu của sàn là gì,207686,màu trắng,0.08856715,141
141,những gì bay qua bầu trời,344397,máy bay,0.03952572,142
142,màu của con mèo là gì,318328,màu xanh lá,0.086551756,143
143,màu của vòi nước là gì,215436,màu xanh lá,0.08784021,144
144,anh ấy đang ôm em bé ở đâu,356248,phòng bếp,0.05159178,145
145,cái gì nằm trong rơm gần một cánh đồng đá,376278,hươu cao cổ,0.04038814,146
146,màu của chiếc tàu là gì,212712,màu xanh lá,0.09265412,147
147,một con voi đang tắm ở đâu,29085,giường,0.017969163,148
148,có bao nhiêu người đàn ông đang chạy qua một bãi biển bên cạnh đại dương,418569,hai,0.2586378,149
149,màu của ghế là gì,520091,màu xanh lá,0.086832136,150
150,cái gì đè lên rèm cửa sổ,344942,con mèo,0.024037281,151
151,con mèo đen trắng nằm ở đâu,516470,giường,0.042029783,152
152,màu của chiếc bình là gì,436693,màu xanh lá,0.09307009,153
153,con chó nhỏ đang ngủ ở đâu,253388,giường,0.059458196,154
154,"những gì đứng gắn liền với xe ngựa, bị một người phụ nữ chạm vào",430788,xe ô tô,0.03581097,155
155,cái bàn gỗ ở đâu,2106,phòng,0.04464269,156
156,người đàn ông đang cắt bông cải xanh để đặt ở đâu,129563,phòng bếp,0.09821805,157
157,ba con thú nhồi bông ngồi ở đâu trong khi một tay cầm xúc xích với mù tạt,215523,phòng,0.035462834,158
158,con chó nâu đang nằm ở đâu,411208,giường,0.059699856,159
159,người đàn ông bắt ăn bánh ngọt ở đâu,542213,phòng bếp,0.11299127,160
160,những gì được xếp chồng lên tường gạch,458079,tàu hỏa,0.037869796,161
161,màu của tủ lạnh là gì,523390,màu xanh lá,0.08726714,162
162,những gì đang nằm trong một nhà bếp,556230,phòng bếp,0.084314704,163
163,những gì đặt với cá và một củ khoai tây nướng,478766,phòng bếp,0.028441632,164
164,những gì đang đứng,506540,hươu cao cổ,0.07060481,165
165,những gì chứa đầy hoa trên đầu bàn,517386,phòng bếp,0.029469335,166
166,màu của chiếc ô là gì,358171,màu xanh lá,0.096359596,167
167,những gì gắn vào tường bên cạnh một cột cao,561928,hươu cao cổ,0.033655543,168
168,màu của vùng đất  là gì,574144,màu xanh lá,0.094086714,169
169,những gì được chất đống những lát cam trong khi một bó chuối ngồi cạnh nó,335810,hươu cao cổ,0.028568907,170
170,những gì bao phủ trên kem và kem đánh bông,527535,phòng bếp,0.035345074,171
171,màu của thân cây là gì,252868,màu xanh lá,0.09330955,172
172,những gì ngồi trên cánh đồng và nhìn về phía máy ảnh,547383,hươu cao cổ,0.028156796,173
173,màu của chiếc đĩa là gì,158831,màu xanh lá,0.09416803,174
174,người đàn ông đang ngồi ở đâu,29161,giường,0.06902636,175
175,những gì bao gồm rau và thịt,385174,phòng bếp,0.019372934,176
176,trên bàn có bao nhiêu cái hotdog trên đĩa,113905,hai,0.20660755,177
177,có bao nhiêu người đang học cách lướt sóng trên bãi biển đầy cát,172556,hai,0.24461603,178
178,người đàn ông chuẩn bị một bữa ăn ở đâu,439479,phòng bếp,0.10189968,179
179,"những gì cắm vào tường gạch, với băng keo",519359,phòng bếp,0.03283784,180
180,những gì đang chuẩn bị để hạ cánh trên đường băng,374886,máy bay,0.029532507,181
181,màu của nón là gì,40129,màu xanh lá,0.0869253,182
182,những gì giữ thức ăn mexico được bao phủ trong phô mai,458510,con mèo,0.026189577,183
183,màu sắc của người đàn ông là gì,82255,màu xanh lá,0.089108914,184
184,có bao nhiêu con ngựa vằn đang đi dạo trên cánh đồng,132612,hai,0.237659,185
185,có bao nhiêu người trượt tuyết trên địa hình bằng phẳng,452404,hai,0.21542902,186
186,màu của bàn chải đánh răng là gì,44923,màu xanh lá,0.092092015,187
187,những ngăn kéo tủ mở ở đâu,24294,phòng tắm,0.10312226,188
188,màu của bộ đồ là gì,85624,màu xanh lá,0.09118629,189
189,lưng của một người đứng đầu ở đâu,294426,phòng,0.050176613,190
190,quầy hàng nào mỗi quầy đều có máy rút giấy vệ sinh lớn,555894,phòng tắm,0.063291654,191
191,cái bàn có bao nhiêu xúc xích trên đó,114330,hai,0.25076616,192
192,có gì trong phòng,341118,phòng,0.06390756,193
193,những gì đang xếp trên đường phố,409921,xe buýt,0.034019142,194
194,màu của bàn là gì,123646,màu xanh lá,0.09243965,195
195,những bức tường và đồ đạc là sứ ở đâu,314787,phòng tắm,0.0869008,196
196,có bao nhiêu con bò đứng trên đồng cỏ xanh tươi,421502,hai,0.24106543,197
197,chuối nằm ở đâu,458921,phòng bếp,0.039633587,198
198,có bao nhiêu con voi đứng trên sườn đồi xanh tươi tốt,26762,hai,0.25019443,199
199,những gì đang đi qua trạm,384503,tàu hỏa,0.037472337,200
200,những gì bơi trong một ít nước gần một số thảm thực vật,473015,con chim,0.040399104,201
201,những gì đang đi bộ xung quanh trong nước,507766,con chim,0.039080497,202
202,những gì đang trôi nổi trong đại dương sâu thẳm,451090,con thuyền,0.044508375,203
203,màu của chiếc tàu là gì,517032,màu xanh lá,0.09123055,204
204,những gì đang báo lại trên một tấm nệm không được phủ,467157,con mèo,0.05825204,205
205,màu của chiếc ghế dài là gì,200952,màu xanh lá,0.08666755,206
206,"đâu là cảnh sát với một chiếc xe đạp,",215201,phòng,0.028023398,207
207,người đàn ông đang chụp ảnh selfie ở đâu,52611,phòng tắm,0.09701968,208
208,những gì được bao phủ trong graffiti đầy màu sắc,524742,tàu hỏa,0.038465396,209
209,có bao nhiêu quả chuối nằm trong một cái đĩa có hoa văn phức tạp,165818,hai,0.24282171,210
210,nhà vệ sinh không có chỗ ngồi ở đâu,441483,phòng tắm,0.10800202,211
211,cái gì bên cạnh máy tính xách tay,372466,con mèo,0.024214283,212
212,có bao nhiêu phụ nữ mặc trang phục trong phòng,75603,hai,0.22348048,213
213,những gì đứng trên một bước ngoài một cánh cửa mở như một con bò khác đứng phía sau,509750,con mèo,0.02676858,214
214,có bao nhiêu người lướt sóng đang học cách lướt sóng trên đại dương,81988,hai,0.23539369,215
215,món thịt và mì ống với rau phục vụ ở đâu,18917,phòng bếp,0.05340083,216
216,người phụ nữ mặc váy bán trang trọng đang cầm cái gì,491061,phòng bếp,0.022060255,217
217,con tàu đang chạy vòng cạnh những cái cây là gì,558421,tàu hỏa,0.038798828,218
218,"có bao nhiêu hộp đựng cà rốt, bông cải xanh, cơm, súp lơ và các loại rau khác",545411,hai,0.22533776,219
219,những gì bị cắt một nửa và đứng với một món ăn không xác định với cà phê,414236,phòng bếp,0.021795722,220
220,những gì đang nằm cạnh bên bức tường,567693,phòng tắm,0.063164845,221
221,màu của con mèo là gì,178692,màu xanh lá,0.08795955,222
222,màu của ánh sáng là gì,532779,màu xanh lá,0.09479129,223
223,những gì được bao quanh bởi đá trên tường,389128,phòng tắm,0.059823137,224
224,có bao nhiêu cầu thủ đá bóng trên sân trong khi một cầu thủ đá bóng,202328,hai,0.24901772,225
225,những gì đang kéo một chiếc xe ngựa đi bộ qua một con phố đông đúc,519361,xe ô tô,0.0467091,226
226,dừng xe buýt hai tầng ở đâu,77383,phòng,0.024694629,227
227,những gì đỗ trên đường băng gần hàng rào,443737,máy bay,0.028871363,228
228,có bao nhiêu con hươu cao cổ đang đứng cùng nhau trên cánh đồng với hai con tê giác ở phía sau,414850,hai,0.23905298,229
229,cái gì đang ngồi bên cạnh một tảng đá ăn một miếng trái cây,360318,hươu cao cổ,0.03727967,230
230,"những gì đứng gần cây cầu và các cấu trúc loại lớn, cổ điển lớn khác",528578,xe ô tô,0.024993736,231
231,"những gì cho thấy ngô, đậu hà lan, khoai tây nghiền và bánh quy tất cả trên một đĩa",469671,con mèo,0.025772702,232
232,những gì đang cất cánh từ đường băng cùng một lúc,424445,máy bay,0.03132423,233
233,con voi đang ở đâu,83013,con voi,0.02771254,234
234,người phụ nữ với ván trượt tuyết đang đứng trên đỉnh tuyết cái gì,363126,xe ô tô,0.016250793,235
235,màu của chiếc tàu là gì,160660,màu xanh lá,0.08740171,236
236,con gấu bông lớn màu nâu với đôi mắt đen đang ngồi ở đâu,11222,giường,0.0493378,237
237,có bao nhiêu nhà vệ sinh xếp hàng trên bàn bên ngoài cạnh bức vẽ graffiti trên một tòa nhà,389418,hai,0.24065833,238
238,màu của cột là gì,159456,màu xanh lá,0.088925265,239
239,người đàn ông đang thưởng thức gì trên một bàn bếp,478407,phòng bếp,0.04738003,240
240,cầu thủ bóng chày trẻ mặc đồ đen và trắng,492605,phòng bếp,0.061050925,241
241,những gì chứa cả máy tính xách tay và máy tính pc và màn hình,531697,phòng bếp,0.045643184,242
242,những gì đang ngồi trên bàn cạnh nhau,444770,con chó,0.025784815,243
243,có bao nhiêu người trên lưng ngựa xếp hàng thành một hàng,341241,hai,0.2369348,244
244,màu của bảng là gì,60140,màu xanh lá,0.094891675,245
245,những gì chứa đầy dấu hiệu và giấy báo cáo,498994,phòng,0.027373435,246
246,có bao nhiêu người đàn ông đội mũ cao bồi đang trói chân một con bò,149616,hai,0.25120547,247
247,màu của xe buýt là gì,573485,màu xanh lá,0.08960371,248
248,màu của con mèo là gì,469918,màu xanh lá,0.086297564,249
249,những gì đang chơi với miệng của nó mở,499104,hươu cao cổ,0.028154202,250
250,màu của tủ lạnh là gì,365116,màu xanh lá,0.088188656,251
251,cừu trưởng thành và em bé ở đâu,468280,giường,0.023054354,252
252,bánh pizza nhỏ là những cái gì đặt trên đĩa trắng,556703,phòng bếp,0.04063397,253
253,có bao nhiêu con cú nhỏ tụ tập với nhau trong một bao vây,88621,hai,0.25991753,254
254,người đàn ông cưỡi trên con dốc tuyết phủ,351793,phòng bếp,0.034545146,255
255,màu của vải là gì,208868,màu xanh lá,0.08964105,256
256,những gì đang cày đất như một người đàn ông chỉ đạo họ,560880,con ngựa,0.023650827,257
257,cái gì trên cành cây,419116,hươu cao cổ,0.030516941,258
258,làm gì hai con voi nhốt nhau trong khu vực bàn chải,562595,con voi,0.05940239,259
259,đàn ông mặc đồ đen trắng trong một nhóm người và một người đàn ông mặc những gì,391199,phòng bếp,0.03375795,260
260,những gì đang đậu lại đằng sau,499835,xe ô tô,0.029375125,261
261,người phụ nữ chuẩn bị mái tóc ở đâu,133905,giường,0.0833471,262
262,những gì đứng đầu với bánh sandwich và khoai tây,549882,phòng bếp,0.023707533,263
263,những gì đỗ yến đến đường ray gần đại dương,432309,xe ô tô,0.027155856,264
264,có bao nhiêu bồn tiểu được hiển thị với một cái được đặt cao hơn cái kia,539132,hai,0.22840685,265
265,màu của các container là gì,575199,màu xanh lá,0.09178783,266
266,màu của dĩa nhựa là gì,505028,màu xanh lá,0.09610395,267
267,"có bao nhiêu rổ táo vàng, xanh, đỏ",202507,hai,0.24984536,268
268,có bao nhiêu vòi chữa cháy màu vàng đang ngồi trên bãi cỏ gần một cây xăng cạnh biển hiệu đường phố,477831,hai,0.24493419,269
269,cái gì đậu bên cạnh chiếc xe tay ga ngồi có động cơ,337011,xe ô tô,0.038400523,270
270,tmột đồng cỏ con gì ăn một vài ngọn cỏ,383039,xe ô tô,0.02415731,271
271,những gì được bao phủ bởi máy tính và các bộ phận khác nhau,486383,phòng bếp,0.05117645,272
272,màu của giỏ là gì,568572,màu xanh lá,0.09277988,273
273,một sàn bên cạnh một máy rửa chén là gì,515176,phòng bếp,0.062092196,274
274,người phụ nữ lấy một mảnh bọc nhựa ra khỏi hộp không,294942,phòng bếp,0.13934276,275
275,những con cừu ở đâu,468280,giường,0.021725837,276
276,thưa thớt những gì với máy tính cổ và điện thoại quay số,423189,phòng,0.04928427,277
277,màu của tòa nhà là gì,371791,màu xanh lá,0.09451878,278
278,cái gì đang đứng trước hàng rào,347925,hươu cao cổ,0.082172975,279
279,mọi người đang chờ trong tuyết ở đâu,348047,phòng,0.037020735,280
280,người phụ nữ đang chụp ảnh tự sướng ở đâu,93553,phòng tắm,0.05490856,281
281,những gì gấu đi dọc theo con đường đất,421144,hươu cao cổ,0.029549785,282
282,những gì mỉm cười từ vòng vây của nó ở sở thú,490720,hươu cao cổ,0.038970657,283
283,kẹo dẻo màu nằm ở đâu,238336,phòng bếp,0.045786865,284
284,những khu vực được che phủ nào được đặt trong một cánh đồng,520109,xe ô tô,0.02442836,285
285,những gì được trang trí bằng sương giá,556608,phòng bếp,0.029164026,286
286,màu của gấu là gì,222122,màu xanh lá,0.092955254,287
287,người đàn ông đang cưỡi trên đường là gì,466939,xe máy,0.014338986,288
288,kéo những gì với mặt của lớp trên cùng,348519,sandwich,0.018685957,289
289,những gì đông đúc với những chiếc thuyền buồm trên mặt nước trong xanh yên tĩnh,519703,con thuyền,0.036826503,290
290,màu sắc của giao thông là gì,257712,màu xanh lá,0.09294601,291
291,hai người phụ nữ đeo kính đang ăn gì,466838,phòng bếp,0.035007935,292
292,những gì đang cho ăn trên mặt đất với nhau,529348,hươu cao cổ,0.03809385,293
293,phòng tắm trắng với hoa hồng đỏ ở đâu,333583,phòng tắm,0.12544811,294
294,màu của tường là gì,307050,màu xanh lá,0.08289243,295
295,màu của rau là gì,89912,màu xanh lá,0.09708845,296
296,điều gì tìm thấy một cái gì đó để nhai bên dưới một băng ghế,441458,con chó,0.036515974,297
297,hình ảnh của một người đứng rộng một mình những gì bên cạnh một đài phun nước,469075,xe ô tô,0.026998056,298
298,màu của ghế sofa là gì,293328,màu xanh lá,0.08508199,299
299,màu sắc của người chơi là gì,520434,màu xanh lá,0.09006593,300
300,những gì bao phủ trong ruột bên cạnh một cái bát,546500,phòng bếp,0.029559044,301
301,người mẹ đang ôm đứa con mới sinh của mình ở đâu,259284,giường,0.07949729,302
302,màu của cây cầu là gì,340222,màu xanh lá,0.094948106,303
303,cà rốt ướp bia ở đâu,500871,phòng bếp,0.06173292,304
304,đường phố mô tả ba người đang cầm cái gì,571182,xe ô tô,0.03014047,305
305,hai thứ đang ngủ trên bàn,499365,giường,0.04132314,306
306,có bao nhiêu con voi đi bộ trong một khu vực cỏ với cây và đá,480687,hai,0.23561245,307
307,gấu nhồi nhỏ nằm ở đâu,204345,giường,0.12276467,308
308,những gì trên tờ bánh quy gần máy làm bánh rán,524535,phòng bếp,0.05680057,309
309,hai con mèo đang tận hưởng gì trong khi ngồi trong cửa sổ,500084,con mèo,0.045610245,310
310,người đàn ông đặt hai chiếc đĩa ném ở đâu,285893,phòng bếp,0.06022872,311
311,có bao nhiêu loại bánh rán khác nhau ngồi trong một hộp,391088,hai,0.2296317,312
312,màu của phòng tắm là gì,532509,màu trắng,0.0869915,313
313,màu của xe tải là gì,394970,màu xanh lá,0.08822841,314
314,màu của chiếc tàu là gì,211788,màu xanh lá,0.094592124,315
315,những gì được hiển thị trên cánh đồng với cỏ ngắn,344897,hươu cao cổ,0.037914142,316
316,người giữ chó ở đâu,471095,phòng bếp,0.04606911,317
317,có bao nhiêu hình ảnh chiếu cùng một chiếc tivi với những thứ khác nhau trên màn hình,224699,hai,0.23111448,318
318,màu sắc của một,542814,màu trắng,0.0796482,319
319,giường được đặt ở đâu,480712,giường,0.095448986,320
320,những gì nằm trên bàn máy tính bên cạnh một con chuột,385641,con mèo,0.033325486,321
321,những gì lái xuống phố trong một thành phố,487688,xe ô tô,0.023737801,322
322,có bao nhiêu nửa con đường bị đóng lại trong quá trình sửa chữa đường,52382,hai,0.24015664,323
323,con mèo đang ngồi ở đâu,96517,giường,0.05353886,324
324,con chó đuổi theo bao nhiêu con bò trên đồng cỏ,250897,hai,0.23096657,325
325,hành tây và các loại rau khác ở đâu,130171,phòng bếp,0.054991174,326
326,màu của chiếc đĩa là gì,306288,màu xanh lá,0.09751871,327
327,điều gì thu nhận ánh sáng vào phòng khách,364470,phòng,0.04660617,328
328,những gì đang đi trên đường ray,565331,tàu hỏa,0.057688694,329
329,màu của gấu là gì,300123,màu xanh lá,0.09594944,330
330,hai bát hát và một bức tượng ngựa ở đâu,304864,phòng tắm,0.06660973,331
331,cặp vợ chồng đang ngồi ở đâu,377329,giường,0.058914147,332
332,"có bao nhiêu đoàn tàu khác nhau, một đoàn tàu có màu xanh lá cây và màu bạc",3003,hai,0.23916148,333
333,cô gái đặt hoa giả ở đâu,27267,giường,0.051155295,334
334,cây xanh ở đâu,251132,phòng,0.018321084,335
335,những gì đỗ bên cạnh tòa nhà,422432,xe ô tô,0.038436603,336
336,màu của xe tải bán chạy là gì,414764,màu xanh lá,0.0929031,337
337,có bao nhiêu người đàn ông trong những chiếc áo khoác tối đứng gần một người đàn ông,304614,hai,0.23332857,338
338,người phụ nữ đứng với một cô gái với một dấu chấm polka,389258,phòng,0.04000348,339
339,chewing trên cành cây là gì,387355,hươu cao cổ,0.024614558,340
340,những gì lặng lẽ nhìn con chim ở một bộ nạp,434035,xe ô tô,0.028103203,341
341,cái gì đang ở giữa quá trình đổi mới,536343,phòng tắm,0.03728725,342
342,hai người đàn ông ở đâu,508101,phòng,0.054195642,343
343,màu của trang trí là gì,295154,màu xanh lá,0.08710511,344
344,có bao nhiêu con ngựa vằn đang đứng gặm cỏ trên cánh đồng,268938,hai,0.23585151,345
345,có bao nhiêu đồng đội lấy được cây gậy trong khi chờ đợi cùng các đồng đội khác,376342,hai,0.2480129,346
346,những gì gần nhau trong phòng,452179,giường,0.04715436,347
347,màu của cỏ là gì,401235,màu xanh lá,0.09523076,348
348,màu của nhà vệ sinh là gì,250720,màu trắng,0.087830044,349
349,con voi con cong vào miệng nó bên cạnh bùn hoặc nước là gì,551459,con voi,0.064717606,350
350,những gì đứng giữa một phòng tắm trắng nguyên sơ,573993,phòng tắm,0.056672063,351
351,có bao nhiêu chế độ xem toàn bộ mặt trước,340528,hai,0.23783185,352
352,màu của con bò là gì,110724,màu xanh lá,0.09075614,353
353,có bao nhiêu người phụ nữ ở đó làm món tráng miệng trong bếp,61773,hai,0.23801401,354
354,màu của áo là gì,289915,màu xanh lá,0.09757974,355
355,nhiều bánh rán khác nhau nằm ở đâu,136929,phòng bếp,0.039995268,356
356,gấu đen trắng nằm ở đâu,387875,giường,0.043874204,357
357,màu của con mèo là gì,67246,màu xanh lá,0.08895588,358
358,màu của xe là gì,372390,màu xanh lá,0.08823801,359
359,những gì đang kéo vào nhà ga,411958,tàu hỏa,0.05931646,360
360,cầu thủ bóng chày nam trẻ đang tạo dáng ở đâu,241206,phòng bếp,0.0533427,361
361,một người đàn ông lớn tuổi nằm ở đâu,395817,giường,0.13642143,362
362,người đàn ông có râu hút những gì,434786,phòng bếp,0.03194457,363
363,màu của thuyền chèo là gì,540943,màu xanh lá,0.09146367,364
364,những gì nằm ở phía trước của một giá sách,435359,con mèo,0.02972127,365
365,người phụ nữ cưỡi những gì nhảy qua một chướng ngại vật,553990,con ngựa,0.026257746,366
366,màu của dĩa nhựa là gì,329012,màu xanh lá,0.09344043,367
367,những gì trên đường tuyết ngồi trên một chiếc ghế lớn,417653,xe ô tô,0.030386679,368
368,những gì chứa đầy những mảnh quần áo màu sắc khác nhau,352080,con mèo,0.036143452,369
369,có bao nhiêu người đang trượt tuyết băng đồng cùng nhau,222394,hai,0.2499871,370
370,những gì được đặc trưng trong bức ảnh này,570736,phòng tắm,0.07536961,371
371,những gì đang ngồi trong cửa sổ bán nhìn bên ngoài cửa sổ,574810,con mèo,0.05047317,372
372,cái gì được chiếu sáng lờ mờ bởi bóng đèn trên cao,576576,phòng tắm,0.059476707,373
373,"dụng cụ tắm, nhà vệ sinh và bồn tắm ở đâu",320731,phòng tắm,0.11551639,374
374,những gì được phủ bằng rỉ sét,434279,tàu hỏa,0.039005246,375
375,cái gì đậu trên đường phố thành phố với những tòa nhà cao tầng trong nền,555597,xe ô tô,0.04197818,376
376,mèo đen và trắng béo ở đâu,242210,phòng bếp,0.06480293,377
377,những gì chứa đầy bánh rán với nhiều lớp khác nhau,568675,phòng bếp,0.035817023,378
378,màu của con mèo là gì,412781,màu xanh lá,0.08705913,379
379,nhóm sinh viên trẻ ăn trưa ở đâu,108238,phòng bếp,0.05218176,380
380,những gì nằm trong phòng tắm dưới tủ,389128,phòng tắm,0.075682916,381
381,một số hành tây ở đâu,5600,phòng bếp,0.03132782,382
382,hàng xe máy khác nhau xếp hàng ở đâu,109777,phòng,0.02392478,383
383,nhà vệ sinh với một chỗ ngồi màu đen nằm ở đâu,407214,phòng tắm,0.1272117,384
384,chàng trai trẻ đang thực hiện một trò trượt ván ở đâu,243382,phòng,0.03705859,385
385,người đàn ông đang nằm ở đâu,395817,giường,0.14604694,386
386,ba vali đang nằm ở đâu,72995,phòng,0.05556136,387
387,màu của máy bay là gì,200560,màu xanh lá,0.084844455,388
388,cái gì đang ngồi bên nhau,398507,hươu cao cổ,0.027575815,389
389,màu của áo là gì,306439,màu xanh lá,0.08632618,390
390,màu của dĩa nhựa là gì,67230,màu xanh lá,0.09585651,391
391,có bao nhiêu người đàn ông đang chụp ảnh chiếc máy bay pia,100124,hai,0.25344568,392
392,những gì bên cạnh nhau trước cửa sổ,527994,giường,0.035375386,393
393,có bao nhiêu chiếc thuyền nhà ở trên sông,302343,hai,0.23847023,394
394,người đàn ông đang xem là gì về phía anh ta trên đường ray,395046,tàu hỏa,0.039465427,395
395,màu của xe buýt là gì,373653,màu xanh lá,0.09287061,396
396,những gì tất cả được nhóm lại với nhau trên bàn,406426,phòng bếp,0.026966304,397
397,những gì đỗ dọc theo đường phố với đèn đường màu xanh lá cây,526392,xe ô tô,0.053053115,398
398,những gì đang uống nước trong khi những con khác đi bộ trên bờ,570788,hươu cao cổ,0.03717227,399
399,những gì hiển thị tập trung vào bình lớn,426852,xe ô tô,0.022505231,400
400,những gì kéo lên trong tín hiệu giao thông,419378,xe ô tô,0.037031036,401
401,màu của bầu trời là gì,15016,màu xanh lá,0.08247529,402
402,màu của vật trang trí là gì,222970,màu xanh lá,0.09551942,403
403,có bao nhiêu đứa trẻ nhỏ trên ván trượt tuyết với tuyết và cây trong nền,294712,hai,0.23934998,404
404,những gì đứng bởi bức tường gạch xám,440729,con chó,0.021540234,405
405,gấu bông ngồi ở đâu,149566,giường,0.04112706,406
406,màu của bảng là gì,6715,màu xanh lá,0.09791958,407
407,màu của đồ nội thất là gì,441058,màu xanh lá,0.0925449,408
408,những gì ăn trong bát thức ăn của họ rất kịch tính,437556,phòng bếp,0.034718707,409
409,con bò lớn màu nâu nằm ở đâu,422295,giường,0.028532712,410
410,màu của xe là gì,93232,màu xanh lá,0.094264954,411
411,những gì đỗ ở bên đường,431431,xe ô tô,0.028770732,412
412,chuối và cam được đặt cùng với những con bướm trên cái gì,383341,con mèo,0.025217675,413
413,tuyết phủ gì với nhiều núi hơn trong nền và người trên đỉnh núi,559483,xe ô tô,0.02417829,414
414,màu sắc của thư giãn là gì,491845,màu xanh lá,0.08523145,415
415,màu sắc của tủ quần áo là gì,343999,màu xanh lá,0.08416756,416
416,màu của chiếc đĩa là gì,32183,màu xanh lá,0.08927836,417
417,có bao nhiêu cô bé chơi với ván trượt trên đường dân cư,471915,hai,0.2392768,418
418,những gì đang ăn một cái gì đó trên mặt đất bên ngoài,519112,hươu cao cổ,0.032360286,419
419,những gì đứng trên nền tảng tại một chương trình động vật,450577,hươu cao cổ,0.02632663,420
420,xe lửa đỏ đang đậu ở đâu,431139,tàu hỏa,0.03757081,421
421,người cắt gì bằng dao,460183,phòng bếp,0.04826305,422
422,những gì đang đi bộ bên cạnh bãi biển,382671,hươu cao cổ,0.033802893,423
423,một con cừu nâu đứng cạnh nhiều thứ gì,451102,hươu cao cổ,0.030391568,424
424,màu của chiếc ô là gì,1216,màu xanh lá,0.091299,425
425,màu của bảng là gì,170990,màu xanh lá,0.09735881,426
426,máy bay đang đậu ở đâu,206670,máy bay,0.025285317,427
427,những gì đỗ ở vị trí đứng yên,497568,máy bay,0.043338653,428
428,người phụ nữ uống gì và ăn bánh,505619,phòng bếp,0.046865474,429
429,cái gì đang đậu khi một số người đi xe đẩy,577036,xe ô tô,0.03097757,430
430,có bao nhiêu con cừu đang vui vẻ đi trên cánh đồng cỏ,564301,hai,0.2493584,431
431,màu của con mèo là gì,308739,màu xanh lá,0.08883654,432
432,những gì trên băng chuyền ở trạng thái sẵn sàng để tráng men,565245,phòng bếp,0.07508248,433
433,hai người đang chơi boxing ở đâu,337814,phòng,0.09080121,434
434,hai chàng trai trẻ đang ăn pizza ở đâu,175480,phòng bếp,0.07022403,435
435,có những người đang xem có bao nhiêu người đàn ông trên lưng ngựa,229552,hai,0.2515741,436
436,màu của điểm dừng là gì,465266,màu xanh lá,0.0928352,437
437,màu của chiếc đĩa là gì,342724,màu xanh lá,0.08616967,438
438,màu của áo là gì,430654,màu xanh lá,0.08969356,439
439,hai con cừu đang ở đâu,17890,phòng,0.021924246,440
440,những gì đang đậu ở sân bay lớn,381599,máy bay,0.033405785,441
441,"phòng chung được trang trí ở đâu với một bình hoa mịn, sơn và đèn chùm",510684,phòng,0.053410113,442
442,có bao nhiêu phụ nữ đang đi nghỉ với hành lý của họ,121056,hai,0.25995666,443
443,màu của áo là gì,426400,màu xanh lá,0.09377756,444
444,căn phòng được dọn đi để tu sửa lại ở đâu,140730,phòng bếp,0.06458537,445
445,con gấu nào đang chơi với tảng đá,536517,hươu cao cổ,0.018119045,446
446,người phụ nữ đang nhìn và đánh răng ở đâu,340321,phòng tắm,0.076009415,447
447,người đàn ông bước lên một chiếc máy bay nhỏ đang đậu ở đâu,541541,phòng bếp,0.033129897,448
448,những gì đỗ gần một chuyến tàu đen,495349,tàu hỏa,0.035332948,449
449,bao nhiêu máy bay phản lực màu đỏ bay trong không khí và để lại một vệt khói,532753,hai,0.22903356,450
450,màu của dĩa nhựa là gì,309168,màu xanh lá,0.09671831,451
451,người đàn ông đang chụp ảnh mình ở đâu,516119,phòng tắm,0.048624434,452
452,những gì đang đi xung quanh không gian hạn chế của mình tại sở thú,547645,hươu cao cổ,0.031032389,453
453,cái gì đậu trên cành cây,337139,con chim,0.044356488,454
454,có bao nhiêu chú gấu nhỏ trên cỏ vào một ngày nắng,377282,hai,0.25522766,455
455,màu của con mèo là gì,462767,màu xanh lá,0.08866606,456
456,người quản lý động vật hoang dã kiểm tra những gì nằm ở bên cạnh nó,500018,con voi,0.04071507,457
457,một người đang cầm trên tay bao nhiêu điện thoại thông minh,316583,hai,0.23373412,458
458,nhà vệ sinh trắng đang ngồi ở đâu,137995,phòng tắm,0.12463782,459
459,những gì đang chạy với đĩa ném trong miệng của nó,455506,con chó,0.04280645,460
460,màu của máy ảnh là gì,185209,màu xanh lá,0.09591908,461
461,có bao nhiêu cô gái trong các đội riêng biệt đang đua nhau đá bóng,580695,hai,0.25430933,462
462,cặp vợ chồng ở đâu,45131,giường,0.08192197,463
463,màu sắc của người đàn ông là gì,69081,màu xanh lá,0.09802233,464
464,người đang làm việc trên máy tính xách tay ở đâu,233706,phòng,0.051230922,465
465,màu của phòng thí nghiệm là gì,114080,màu xanh lá,0.08957965,466
466,có gì bên cạnh nhau,444770,con chó,0.020259846,467
467,những gì đang đi qua con đường đất,479762,hươu cao cổ,0.046130557,468
468,huấn luyện viên giữ thăng bằng gì trước đội của cô ấy,531126,hươu cao cổ,0.016925674,469
469,những gì xếp hàng trên một con đường băng giá,448868,xe ô tô,0.034626298,470
470,màu của đàn con là gì,138456,màu xanh lá,0.101661876,471
471,người phụ nữ đang đứng ở đâu,455597,phòng bếp,0.09647828,472
472,cặp vợ chồng nấu ăn ở đâu,512892,phòng bếp,0.07457791,473
473,màu sắc của chiếc váy là gì,198788,màu xanh lá,0.08494392,474
474,những gì đang ngồi trên gờ của một cửa sổ thư giãn,566038,xe ô tô,0.045913402,475
475,cậu bé nằm ở đâu,80200,giường,0.076976724,476
476,gà với nước sốt và bông cải xanh được phục vụ ở đâu,231052,phòng bếp,0.05295159,477
477,những gì tràn ngập những người bên cạnh một số xe hơi,501153,xe ô tô,0.039656777,478
478,những gì đang ngồi trên bàn và được bật,385641,con mèo,0.029860852,479
479,màu của bầu trời là gì,96154,màu xanh lá,0.09483658,480
480,người phụ nữ đang đội mũ đang ngồi ở đâu,393195,phòng,0.049507014,481
481,những gì giữ những bông hoa trắng trên bàn,541353,lọ cắm hoa,0.029867921,482
482,màu của dĩa nhựa là gì,483089,màu xanh lá,0.094509386,483
483,màu sắc của cỏ dại là gì,484547,màu xanh lá,0.094541445,484
484,xe buýt hai tầng đang đậu ở đâu,121555,phòng,0.026742714,485
485,người đang giữ cái đĩa theo loại kỷ niệm bao nhiêu,537506,hai,0.14050455,486
486,những gì chứa đầy xúc xích ngồi trên bàn ngoài trời,536708,phòng bếp,0.03472194,487
487,hai chiếc ghế nhỏ và tv màn hình phẳng ở đâu,204407,phòng,0.07005213,488
488,phòng tắm lát gạch trắng sạch sẽ ở đâu,261144,phòng tắm,0.10260265,489
489,những gì đang đi trên đường ray trong tuyết,449634,tàu hỏa,0.07299912,490
490,xe đang dừng ở đâu,198164,xe ô tô,0.031870645,491
491,tàu con thoi trong không khí cái gì,524202,máy bay,0.031842228,492
492,màu của tàu điện ngầm là gì,428740,màu xanh lá,0.09467104,493
493,những gì ngủ với nhiều động vật nhồi trên giường,434996,con mèo,0.033878863,494
494,những gì đã mở ra khoe khớp nối màn hình của nó,435309,con mèo,0.032052685,495
495,cái gì trên bàn,385842,lọ cắm hoa,0.019071952,496
496,màu của áo là gì,419489,màu xanh lá,0.083439276,497
497,màu sắc của người đi làm là gì,102923,màu xanh lá,0.088879816,498
498,những gì đang đi với vật nhỏ trong thân cây,477389,con voi,0.057147082,499
499,có bao nhiêu con gấu bông trắng đang ngồi cạnh nhau,515006,hai,0.2468707,500
500,con vật đang ngủ ở đâu,124985,phòng,0.066483684,501
501,màu sắc của hành khách là gì,385305,màu xanh lá,0.09078877,502
502,có bao nhiêu người nhìn xung quanh phòng khách của một ngôi nhà,454144,hai,0.23368417,503
503,những gì bên cạnh một hàng rào dây,402123,con voi,0.053647224,504
504,có bao nhiêu con cừu đứng trên đồng cỏ với nền biển,64348,hai,0.24810351,505
505,màu của thời gian là gì,328427,màu xanh lá,0.08774598,506
506,có bao nhiêu con ngựa vằn đang đứng hoặc gặm cỏ trong một khu vực có cây bụi,160648,hai,0.23198739,507
507,màu của bầu trời là gì,430654,màu xanh lá,0.088953964,508
508,màu của con bò là gì,109654,màu xanh lá,0.09261933,509
509,chomping trên giỏ thức ăn của họ là gì,552073,hươu cao cổ,0.057582118,510
510,màu của con mèo là gì,470711,màu xanh lá,0.08463284,511
511,có bao nhiêu con ngựa vằn đang đứng trên cỏ bên cây,504635,hai,0.22484241,512
512,cái gì vậy mà cái đống lát lại nằm trên cái đĩa thủy tinh,361739,con mèo,0.030699778,513
513,màu của áo choàng là gì,569347,màu xanh lá,0.094569154,514
514,cậu bé đang vuốt ve thú cưng của mình ở đâu,91656,giường,0.061464213,515
515,có bao nhiêu đứa trẻ trong một bức ảnh đen trắng,531144,hai,0.2212983,516
516,màu của cửa là gì,407053,màu xanh lá,0.08880074,517
517,cái gì ngồi trên khom lưng trước cửa,360943,con mèo,0.036756847,518
518,màu của gạch là gì,43011,màu trắng,0.08704457,519
519,cậu bé đang ngồi ăn một ít thức ăn ở đâu,508822,giường,0.09892169,520
520,tàu sắt anh đang đợi ở đâu,404739,tàu hỏa,0.03344844,521
521,có bao nhiêu hình ảnh khác nhau một chiếc bánh và một chiếc bánh,577176,hai,0.22977477,522
522,cái gì đang ngồi trên bàn,430380,con chó,0.022521563,523
523,những gì đang đứng trên cỏ xanh,399957,hươu cao cổ,0.032790054,524
524,6 món tráng miệng được chứa ở đâu,102589,phòng bếp,0.050900403,525
525,màu sắc của thứ đang đặt là gì,477029,màu xanh lá,0.08440054,526
526,màu sắc của các tòa nhà là gì,394970,màu xanh lá,0.08696245,527
527,hai người phụ nữ đứng cạnh nhau ở đâu,160102,phòng,0.08794458,528
528,người ngồi ở đâu,350206,phòng tắm,0.07103531,529
529,những gì được nhúng trong tòa tháp của một tòa nhà,445638,xe ô tô,0.02687129,530
530,con chó nhỏ đang ở đâu,87338,phòng bếp,0.058701042,531
531,cái gì đang đi xuống kênh nước,377080,con thuyền,0.028988551,532
532,màu của diều là gì,547439,màu xanh lá,0.09517399,533
533,có bao nhiêu con vật đang ngả ra khỏi lồng gỗ ăn cỏ khô,213739,hai,0.245189,534
534,những gì đang nằm trên cỏ,573778,hươu cao cổ,0.07124331,535
535,những gì đang đi qua cỏ cao,456483,con voi,0.044245895,536
536,có bao nhiêu người đàn ông dưới nước cầm một tấm ván lướt sóng,253477,hai,0.2563515,537
537,đâu là nơi băng ghế nép mình,298141,ba,0.020538112,538
538,những gì đang nhai trên cành dưới tán,526143,hươu cao cổ,0.07917749,539
539,có bao nhiêu nam đang sử dụng máy tính xách tay và một nữ và một nam khác nhìn vào điện thoại di động,521752,hai,0.22101562,540
540,màu của dĩa nhựa là gì,162828,màu xanh lá,0.09237191,541
541,người phụ nữ đang ngồi trên một chiếc ghế sofa là gì,550707,phòng,0.03081679,542
542,cái gì dừng lại ở đèn đỏ,338105,xe ô tô,0.040005445,543
543,màu của xe tải là gì,13274,màu xanh lá,0.084252074,544
544,những gì đang đi bộ xuống phố thành phố bận rộn,416385,xe ô tô,0.036846887,545
545,những bông hoa màu vàng được cắm ở đâu,171317,lọ cắm hoa,0.04393733,546
546,màu của thùng rác là gì,460737,màu xanh lá,0.086898275,547
547,những gì đỗ bên cạnh nhau trên một bãi đậu xe,520326,xe ô tô,0.024251988,548
548,thật là gãi với cái mỏ của nó,400994,con chim,0.029065918,549
549,các món ăn đang được xem ở đâu,298573,phòng bếp,0.09384512,550
550,màu của áo là gì,201655,màu xanh lá,0.088259384,551
551,những gì đỗ ở một sân bay,392670,máy bay,0.04435098,552
552,có gì để lót dọc theo con phố này,454329,hươu cao cổ,0.024296155,553
553,đàn ông mặc đồ bơi ở đâu,378137,phòng bếp,0.04062836,554
554,bao nhiêu xe bán tải đậu trên vỉa hè đối diện nhau,237207,hai,0.25935695,555
555,có bao nhiêu người trượt tuyết trượt tuyết trên đồi với hai người đang xuống đồi,14677,hai,0.22236003,556
556,màu của lửa là gì,137745,màu xanh lá,0.09054649,557
557,những gì đang ngồi cạnh nhau trên bàn bên cạnh khăn ăn màu trắng,543696,hươu cao cổ,0.02851108,558
558,cô gái nằm ở đâu,529283,giường,0.12363642,559
559,con vẹt đuôi dài đang nhìn ở đâu,11495,giường,0.026628202,560
560,giao lộ có đèn dừng là gì,338105,xe ô tô,0.035268098,561
561,những gì ngồi gần nhau trong cùng một phòng,517600,phòng tắm,0.058929384,562
562,có bao nhiêu người cầm vợt đứng bên lưới quần vợt,17927,hai,0.22447582,563
563,em bé đang ngồi ở đâu,476605,giường,0.06316536,564
564,những gì đỗ bên cạnh vỉa hè gạch trên đường phố vào ban đêm,511583,xe ô tô,0.048372593,565
565,cái gì đang ngồi trên thớt bên cạnh lớp phủ,512989,con mèo,0.02932992,566
566,pizza lớn chứa ở đâu,244465,phòng bếp,0.082379915,567
567,một số trái cây và rau quả ở đâu,124914,phòng,0.030017909,568
568,sinh tố được làm ở đâu,23017,phòng bếp,0.081576176,569
569,con mèo đang ngồi ở đâu,277070,giường,0.03528823,570
570,những gì đỗ bên cạnh đồng hồ đỗ xe trước nhà để xe,471097,xe ô tô,0.06130039,571
571,màu của đồng hồ là gì,334491,màu xanh lá,0.088934965,572
572,con mèo nằm ở đâu,381384,giường,0.07177254,573
573,có bao nhiêu bảng chỉ đường được ẩn sau cột điện nhìn ra một tòa nhà trang nghiêm,212675,hai,0.24631801,574
574,những gì chứa một bông hồng màu hồng ở trước gương,569464,con mèo,0.022967702,575
575,màu của vòi nước là gì,215776,màu xanh lá,0.08948618,576
576,màu của xe là gì,367724,màu xanh lá,0.094679326,577
577,màu của ván trượt tuyết là gì,515065,màu xanh lá,0.090172894,578
578,màu của xe buýt là gì,8836,màu xanh lá,0.09310716,579
579,người phụ nữ cưỡi những gì giữ một chiếc ô,407225,con ngựa,0.019298108,580
580,người đàn ông đang cầm gì và đi bộ xuống vỉa hè trong mưa,379259,xe ô tô,0.02210452,581
581,có bao nhiêu đứa trẻ đang nhìn vào đĩa bánh rán,71716,hai,0.23787405,582
582,màu của bàn là gì,151170,màu xanh lá,0.0888431,583
583,bàn tay chạm khắc trên tấm vải màu xanh lam đã làm gì,347648,phòng bếp,0.03580915,584
584,màu sắc của hành lý là gì,340993,màu xanh lá,0.09163979,585
585,những gì được bao phủ bởi một loại toppings,549885,phòng bếp,0.025971705,586
586,những gì gắn trên tường của một tòa nhà bằng đá,413497,xe ô tô,0.02896798,587
587,có bao nhiêu chiếc bánh rán trông ngon lành trong hộp,64697,hai,0.22551091,588
588,những gì ăn từ cây trong tự nhiên,394611,hươu cao cổ,0.0945405,589
589,con mèo đen đang ngồi ở đâu,439132,giường,0.024142284,590
590,màu của chiếc đĩa là gì,82929,màu xanh lá,0.094486356,591
591,bồn tắm nằm ở đâu,390439,phòng tắm,0.09781806,592
592,có bao nhiêu người đang đánh răng trong phòng tắm,376241,hai,0.21499825,593
593,màu của xe là gì,59384,màu xanh lá,0.08820452,594
594,có bao nhiêu con hươu cao cổ đứng trên đồng bằng với một vài cây,205282,hai,0.22846112,595
595,người đàn ông có tai nghe quanh cổ và giữ những gì,434689,phòng,0.020013878,596
596,cái gì dừng lại ở nhà ga bên cạnh một tín hiệu giao thông,346954,xe ô tô,0.040583167,597
597,"cái gì bên cạnh bánh lớn, trang trí rực rỡ",405882,phòng bếp,0.03556583,598
598,những gì chứa đầy bát và cốc,543672,phòng bếp,0.07356168,599
599,người đàn ông đeo kính và đeo cà vạt đang cầm cái gì vậy,345397,phòng bếp,0.03522968,600
600,màu của máy tính xách tay là gì,541994,màu xanh lá,0.08437674,601
