,question,img_id,predicted_answer,confidence
0,màu của bồn rửa là gì,438315,177,0.12977485
1,màu của ánh sáng là gì,68223,184,0.10135822
2,màu của mặt trước là gì,66283,177,0.11278979
3,màu của hàng rào là gì,396494,177,0.10616272
4,màu của dây là gì,25516,177,0.10420619
5,màu của ô tô là gì,447135,184,0.100834094
6,màu của gạch là gì,43011,177,0.13244659
7,màu của xe tải là gì,408975,184,0.10543363
8,màu của cái bát là gì,74002,177,0.14601283
9,màu của chiếc ghế dài là gì,469667,177,0.12536779
10,màu của chiếc xe là gì,274022,177,0.109569915
11,màu sắc của các dấu hiệu là gì,228727,177,0.119139925
12,màu của cổng là gì,175270,177,0.10230868
13,màu của xe đạp là gì,414647,177,0.10682999
14,màu của chiếc ô là gì,480876,177,0.10501479
15,màu của tòa án là gì,114474,177,0.12584253
16,màu của ván lướt là gì,434004,177,0.10906913
17,màu của ba lô là gì,102987,177,0.118229315
18,màu của cây là gì,62301,177,0.11047774
19,màu của chiếc đĩa là gì,426429,177,0.14232454
20,màu của chiếc bình là gì,59997,177,0.12802619
21,màu của con mèo là gì,453472,183,0.19820233
22,màu của con mèo là gì,87629,183,0.19238353
23,màu của rủ là gì,35033,177,0.13877797
24,màu của tường là gì,147290,177,0.121857844
25,màu của gấu bông là gì,498165,177,0.120083
26,màu của con mèo là gì,545804,183,0.20752369
27,màu của chiếc mũ là gì,458960,177,0.12132214
28,màu của cái bát là gì,360020,177,0.1498613
29,màu của lá là gì,72905,177,0.11442147
30,màu của xe buýt là gì,183123,177,0.10325809
31,màu của con chó là gì,117722,183,0.1727688
32,màu của quần là gì,110761,177,0.11555785
33,màu của túi là gì,101245,177,0.12279356
34,màu của chiếc mũ là gì,410561,177,0.116424255
35,màu của xe chervolet là gì,101476,177,0.111186266
36,màu của hàng rào là gì,313983,177,0.108530626
37,màu sắc của bông hoa là gì,156326,177,0.13276505
38,màu của cỏ là gì,147276,183,0.11834891
39,màu của xe là gì,181776,177,0.103726506
40,màu của chiếc tàu là gì,80283,177,0.10877596
41,màu sắc của bông hoa là gì,449504,177,0.13448475
42,màu của máy tính xách tay là gì,431715,177,0.11364675
43,màu của chiếc xe là gì,520049,177,0.11155415
44,màu của dấu hiệu là gì,486630,177,0.102621354
45,màu của con bò là gì,424160,183,0.20250589
46,màu của cỏ là gì,514204,183,0.11815609
47,màu của dấu là gì,152038,179,0.1019458
48,màu của dấu hiệu là gì,211439,180,0.109820485
49,màu sắc của ca nô là gì,273602,177,0.11193977
50,màu của con ngựa là gì,61506,183,0.16953892
51,màu của dĩa nhựa là gì,550875,177,0.121067636
52,màu của nền là gì,147782,177,0.1194962
53,màu sắc của các phân khúc là gì,85902,177,0.14057691
54,màu của lá là gì,557101,177,0.11339147
55,màu của tấm thảm là gì,273561,177,0.13982865
56,màu của chân là gì,333280,183,0.1310941
57,màu của chiếc giường là gì,230109,177,0.12122148
58,màu sắc của chiếc váy là gì,320660,177,0.12363169
59,màu của chiếc tàu là gì,160660,177,0.10955941
60,màu của đèn dừng là gì,534791,184,0.10404821
61,màu sắc của macbook là gì,526467,177,0.14636847
62,màu của bông hoa là gì,355270,177,0.12753788
63,màu của con mèo là gì,198561,183,0.20216529
64,màu của trang trí là gì,295154,177,0.11023745
65,màu của con mèo là gì,67246,183,0.18237385
66,màu của ánh sáng là gì,369609,177,0.101844236
67,màu của áo là gì,58708,177,0.120244056
68,màu tóc là gì,338281,177,0.111365914
69,màu sắc của giày là gì,149143,177,0.12007392
70,màu của mèo con là gì,26733,183,0.21024093
71,màu của phòng tắm là gì,451535,177,0.13522965
72,màu của con mèo là gì,529188,183,0.18941107
73,màu của vòi nước là gì,167622,180,0.09903969
74,màu của gấu là gì,271568,183,0.17897628
75,màu của gạch là gì,487256,177,0.14525431
76,màu của chiếc tàu là gì,429644,180,0.10550192
77,màu tóc là gì,90989,177,0.10391789
78,màu của chiếc tàu là gì,43776,177,0.103785925
79,màu của thùng là gì,431008,177,0.12997593
80,màu của nước ép là gì,44569,177,0.14703903
81,màu của khuôn mặt là gì,38896,177,0.12181269
82,màu của con ngựa là gì,299134,183,0.13144116
83,màu của xe máy là gì,5256,184,0.10274349
84,màu của máy bay là gì,200560,177,0.104396366
85,màu của các chuyến tàu là gì,455132,177,0.103589825
86,màu của gấu là gì,223950,183,0.1802586
87,màu của phòng tắm là gì,562849,177,0.1350454
88,màu của bánh xe là gì,211116,179,0.11110202
89,màu của sợi là gì,22704,177,0.1312134
90,màu của nón là gì,397599,179,0.10659565
91,màu của boong tàu là gì,99162,177,0.11009684
92,màu của sứ là gì,532525,177,0.12822275
93,màu của gia súc là gì,297465,183,0.17638674
94,màu của xe buýt là gì,145945,179,0.10057256
95,màu của con chó là gì,491525,183,0.17407615
96,màu của áo là gì,237923,177,0.11497227
97,màu của con mèo là gì,492352,183,0.19499333
98,màu của lá là gì,333216,177,0.108658336
99,màu của bệ đở là gì,436990,177,0.13245353
100,màu sắc của xe buýt là gì,360528,184,0.107149504
101,màu của chiếc bình là gì,264969,177,0.12352757
102,màu của chiếc tàu là gì,22195,180,0.10548354
103,màu của cửa là gì,12107,180,0.10324759
104,màu của chiếc đĩa là gì,186268,177,0.14010128
105,màu của nền là gì,291499,177,0.11855491
106,màu của xe tải là gì,227418,177,0.10470258
107,màu của dấu hiệu là gì,311568,177,0.104247294
108,màu của lá là gì,435803,180,0.09836326
109,màu sắc của bông hoa là gì,335477,177,0.13216767
110,màu sắc của sân bóng đá là gì,500390,177,0.11471238
111,màu của con mèo là gì,263493,183,0.14944446
112,màu của dĩa nhựa là gì,413927,177,0.11089953
113,màu của xe máy là gì,26027,180,0.09959101
114,màu sắc của đôi giày là gì,280866,177,0.11968943
115,màu của bảng là gì,193947,177,0.12161358
116,màu của chiếc đĩa là gì,401232,177,0.122741446
117,màu sắc của trang phục là gì,419173,177,0.119990185
118,màu sắc của đèn giao thông là gì,525187,177,0.10291855
119,màu của lá là gì,418989,177,0.11451244
120,màu của xe tải là gì,580562,184,0.109706804
121,màu của ghế là gì,60140,177,0.11775566
122,màu của chiếc ô là gì,457016,177,0.1090208
123,màu của bầu trời là gì,538916,180,0.11282389
124,màu của gấu là gì,499634,183,0.20970085
125,màu của con chó là gì,107716,183,0.20296487
126,màu của áo là gì,357898,177,0.13033071
127,màu của quả bóng là gì,429705,177,0.11379035
128,màu của xe buýt là gì,23203,179,0.1109759
129,màu của đám mây là gì,55373,177,0.10831229
130,màu của xe đạp là gì,417478,184,0.10563516
131,màu của lửa là gì,79069,179,0.09923786
132,màu của bầu trời là gì,177786,180,0.11236383
133,màu của cái bát là gì,6800,177,0.1324416
134,màu của cái bát là gì,457381,177,0.1319512
135,màu của ghế là gì,267022,177,0.10172405
136,màu của chiếc tàu là gì,517032,177,0.11095896
137,màu của áo khoác là gì,243873,177,0.11039618
138,màu của dĩa nhựa là gì,184536,177,0.10708305
139,màu của con ngựa là gì,439595,183,0.14604281
140,màu của chiếc bình là gì,118673,177,0.13514937
141,màu của chiếc hộp là gì,71879,177,0.11188392
142,màu của chiếc thẻ là gì,318467,177,0.12242028
143,màu của con chó là gì,403250,183,0.20052956
144,màu của xe buýt là gì,125213,177,0.099531226
145,màu của lá là gì,357601,177,0.10460972
146,màu của chiếc hộp là gì,555625,177,0.113521606
147,màu của cây là gì,414161,180,0.11050057
148,màu của chiếc tàu là gì,337458,177,0.11010068
149,màu của nhà vệ sinh là gì,196977,177,0.12809157
150,màu của bồn rửa là gì,531948,177,0.14003073
151,màu của chiếc cặp là gì,531076,183,0.1141142
152,màu của cây là gì,31733,177,0.110195756
153,màu sắc của hành lý là gì,340993,177,0.11907495
154,màu của đồ nội thất là gì,426985,177,0.121839434
155,màu của thuyền buồm là gì,498529,177,0.11208332
156,màu của xe máy là gì,351298,177,0.09874198
157,màu sắc của đồ đạc là gì,414912,177,0.13475603
158,màu của bầu trời là gì,60054,180,0.11760481
159,màu của tường là gì,299974,177,0.1254803
160,màu của táo là gì,79111,177,0.12917237
161,màu của con chó là gì,529411,183,0.19451185
162,màu của con dao là gì,169732,177,0.13994311
163,màu của túi là gì,327328,177,0.1151375
164,màu sắc của các dấu hiệu là gì,540476,177,0.112611525
165,màu của chất lỏng là gì,271416,177,0.13769613
166,màu của chiếc đĩa là gì,324401,177,0.14165631
167,màu của chiếc đĩa là gì,342724,177,0.13659033
168,màu của áo là gì,308600,177,0.10298994
169,màu của áo khoác là gì,249336,177,0.119297214
170,màu sắc của chi tiết là gì,300738,180,0.10152035
171,màu của xe máy là gì,324455,177,0.099548616
172,màu của cam là gì,45543,177,0.10928114
173,màu của chiếc tàu là gì,24193,177,0.10854332
174,màu của chiếc tàu là gì,517395,177,0.10547626
175,màu của chiếc ô là gì,182960,177,0.10886759
176,màu của giấy là gì,579781,177,0.13794333
177,màu của con chim là gì,62301,183,0.13514906
178,màu của quả bóng là gì,446351,177,0.112826854
179,màu của dấu hiệu là gì,6426,177,0.10760676
180,màu của chiếc tàu là gì,525101,177,0.10280654
181,màu của ghế là gì,415710,177,0.116381586
182,màu của gấu là gì,519205,183,0.19521238
183,màu của áo là gì,411007,177,0.10032587
184,màu của chiếc tàu là gì,278569,180,0.101749025
185,màu của bộ đồ là gì,96800,177,0.11973431
186,màu của áo là gì,143578,177,0.12643266
187,màu của con mèo là gì,179965,183,0.1802209
188,màu sắc của bông hoa là gì,193759,177,0.12494976
189,màu của chiếc ô là gì,7642,177,0.10882431
190,màu của ngôi nhà là gì,180086,177,0.110618256
191,màu sắc của những con chó là gì,132165,183,0.16442703
192,màu của xe buýt là gì,141095,177,0.10815746
193,màu của con chó là gì,549488,183,0.17865387
194,màu của bảng là gì,71265,177,0.13434394
195,màu sắc của người đi làm là gì,120276,177,0.102044806
196,màu của xe tải bán chạy là gì,414764,177,0.11010949
197,màu của gấu là gì,167359,183,0.17437309
198,màu của xe buýt là gì,8836,180,0.10758441
199,màu của núm là gì,203035,177,0.11911362
200,màu của bìa là gì,155205,177,0.12921605
201,màu của ontop là gì,484734,177,0.12742874
202,màu sắc của đi bộ là gì,106843,177,0.11246633
203,màu của tòa nhà là gì,107705,177,0.108038336
204,màu của gấu là gì,334373,183,0.17502482
205,màu của chiếc ô là gì,105640,177,0.11514518
206,màu của chiếc bình là gì,312430,177,0.12915605
207,màu của các tấm là gì,18495,177,0.1432857
208,màu của xe buýt là gì,279222,179,0.10322097
209,màu của điểm dừng là gì,465266,177,0.1057362
210,màu của lửa là gì,116832,180,0.103331774
211,màu của áo là gì,381544,177,0.120048076
212,màu của áo là gì,343211,177,0.11434082
213,màu của áo là gì,32720,177,0.121095516
214,màu sắc của con búp bê là gì,256731,177,0.12917727
215,màu của nhà vệ sinh là gì,439241,177,0.12590134
216,màu của ghế là gì,572358,177,0.106580906
217,màu của thằn lằn là gì,266310,177,0.108609855
218,màu sắc của những con ngựa là gì,312744,183,0.113575384
219,màu sắc của đầu máy là gì,55642,177,0.10678222
220,màu của xe buýt là gì,370417,177,0.10370416
221,màu của con mèo là gì,415604,183,0.19068742
222,màu của đồ nội thất là gì,120399,177,0.13319007
223,màu của bảng là gì,208805,177,0.12140371
224,màu sắc của đầu máy là gì,392058,177,0.1061904
225,màu của vỉa hè là gì,426762,184,0.09825968
226,màu của gấu là gì,522611,183,0.16676955
227,màu sắc của các xe bus là gì,177958,179,0.1047567
228,màu của máng là gì,366975,177,0.11057125
229,màu của bầu trời là gì,570945,180,0.10680596
230,màu của băng ghế là gì,350592,177,0.107035175
231,màu của chiếc nơ là gì,464809,177,0.12183182
232,màu của gối là gì,35573,177,0.12816164
233,màu của dĩa nhựa là gì,105110,177,0.11656916
234,màu của phòng thí nghiệm là gì,114080,180,0.104267895
235,màu của dấu hiệu là gì,497731,179,0.102324106
236,màu của con voi là gì,365703,183,0.16787943
237,màu của quả táo là gì,500324,177,0.13295332
238,màu của áo là gì,470915,177,0.11550532
239,màu của cuốn sách là gì,47944,177,0.11784445
240,màu của đàn con là gì,138456,183,0.14390296
241,màu của tòa nhà là gì,218982,177,0.10774259
242,màu của máy kéo là gì,345667,179,0.10488566
243,màu của lửa là gì,395397,177,0.10454741
244,màu của con ngựa là gì,486247,183,0.14463761
245,màu sắc của những con chó là gì,133295,183,0.1748435
246,màu của áo là gì,89943,177,0.11855828
247,màu của băng ghế là gì,184190,183,0.11107933
248,màu của xe là gì,84625,177,0.11006368
249,màu của lửa là gì,151101,177,0.10807633
250,màu của cốc là gì,578169,177,0.13498981
251,màu của chất thải là gì,338059,177,0.12537381
252,người đàn ông đang rửa tay ở đâu,40901,230,0.17767414
253,hai cô gái đang ở đâu khi một trong số họ chụp ảnh,111281,230,0.1853994
254,hai người ở đâu với một con chèo,558851,72,0.1707154
255,ô dù đang nằm ở đâu,400487,230,0.051235374
256,hai người phụ nữ đang chuẩn bị một bữa ăn ở đâu,37244,228,0.5700315
257,mèo xiêm đánh hơi hoa vàng và đỏ ở đâu,138699,169,0.2868006
258,một số thực phẩm nướng ở đâu,311228,149,0.073458575
259,hươu cao cổ và ngựa vằn ở đâu,110258,53,0.06415572
260,con mèo ngồi ở đâu,555339,227,0.127311
261,một đám xe tay ga đậu ở đâu,486595,336,0.061007235
262,sự phản chiếu của một đuôi động vật nhìn thấy ở đâu,481398,130,0.15452915
263,quý ông ngồi xuống ăn pizza ở đâu,550870,149,0.07940308
264,trẻ mới biết đi ở đâu,132516,124,0.4863829
265,ô tô và tòa nhà ở đâu trong thành phố,78286,336,0.09261751
266,ai đó đang giữ một chiếc tivi ở đâu,316781,130,0.18469599
267,con mèo đang nhìn vào sự phản chiếu của người phụ nữ ở đâu,490639,227,0.15283789
268,người đang chụp ảnh ở đâu,127301,230,0.2035597
269,nơi nhiều loại trái cây được trưng bày,479596,13,0.0489757
270,con mèo lông xám ngồi ở đâu,72605,60,0.23459268
271,bánh sandwich bbq đã phục vụ ở đâu,256664,149,0.049551442
272,"người đàn ông đá bóng đá ở đâu,",562325,227,0.04141068
273,người phụ nữ trộn một ít thức ăn ở đâu,463004,228,0.4751871
274,người đàn ông đang nằm ở đâu,395817,124,0.48552176
275,người đàn ông đang ở đâu,526089,227,0.20054889
276,người đàn ông ăn mặc đẹp đang chờ ở đâu,485595,227,0.17020273
277,con chim xanh đầy màu sắc đang bay xung quanh đâu,291770,62,0.029992769
278,con chó con đang tắm ở đâu,391976,60,0.13668005
279,cậu bé mỉm cười ở đâu trong khi cầm bàn chải đánh răng,549746,230,0.1818894
280,một ông già đang ngồi nhìn một đứa trẻ thả một con diều ở đâu,494391,227,0.14405152
281,một quả bóng chày được đánh ở đâu,579925,336,0.038747936
282,cửa mở ở đâu để lộ một nhà vệ sinh,156739,230,0.40049738
283,một con mèo màu cam đang ngủ ở đâu,195889,124,0.30324152
284,một người phụ nữ lớn tuổi chuẩn bị thức ăn ở đâu,11701,228,0.35311
285,thuyền neo đậu ở đâu,389171,72,0.1668496
286,nhóm người đứng ở đâu,561323,228,0.6225209
287,hai hươu cao cổ đứng ở đâu,524531,53,0.0603108
288,bia được rót vào đâu,500871,228,0.078493446
289,con mèo đang ngồi ở đâu,315517,227,0.21949598
290,chuyến tàu đậu ở đâu,201278,278,0.07244987
291,một số ngựa nâu và một là đang ăn ở đâu,544516,53,0.058379218
292,ở đâu,469137,145,0.18068226
293,salad đã được phục vụ ở đâu,418722,13,0.087931626
294,người đàn ông đang điều khiển cái gì,95178,312,0.07580099
295,em bé đang tắm ở đâu,150017,230,0.1307883
296,những ván trượt trẻ em này đang thể hiện thiết bị của họ ở đâu,546473,336,0.105983354
297,hai người phụ nữ và một người đàn ông chơi ở đâu,98162,227,0.17068909
298,người đàn ông trẻ mỉm cười ở đâu,263687,227,0.20098767
299,vật liệu để đan ở đâu,7931,227,0.062023215
300,cà rốt ướp bia ở đâu,500871,228,0.06930259
301,con chó trắng đang nằm ở đâu,293532,291,0.06608877
302,đứa trẻ đang giữ một món đồ chơi ở đâu,246016,124,0.32068652
303,cô gái đang đo lường các thành phần để chuẩn bị một cái gì đó ở đâu,134772,228,0.4879409
304,xe tải gửi thư dừng ở đâu,145538,336,0.112745866
305,bánh mì hotdog được gói ở đâu,180768,149,0.07762842
306,một số thực phẩm lành mạnh nằm ở đâu,501947,13,0.07488635
307,người đàn ông đang nhìn ở đâu,214174,130,0.21958815
308,cô gái đang giữ một mote wii ở đâu,333157,227,0.35851952
309,con mèo đen lớn nghỉ ngơi ở đâu,425470,124,0.4091406
310,người phụ nữ chuẩn bị mái tóc ở đâu,133905,227,0.26763102
311,nơi trưng bày các loại trái cây và rượu vang,565264,13,0.054074347
312,mọi người đang đi dạo quanh đâu,342812,275,0.05854616
313,corndogs đang được nấu ở đâu,372514,228,0.10971057
314,người đàn ông ở đâu,120061,228,0.38244027
315,chuối cũ ở đâu,168454,13,0.08249397
316,những chiếc bàn chải nhiều màu sắc nằm ở đâu,7559,230,0.04953651
317,người cha đang ngồi trên sàn ở đâu sau một đứa trẻ,237192,227,0.30893257
318,chuối và chanh được đặt ở đâu,430396,13,0.105418585
319,người phụ nữ đang chụp một bức ảnh của mình và con chó ở đâu,77689,130,0.1378718
320,đĩa nhựa và dây xích ở trên rổ ở đâu,238114,227,0.12564111
321,người phụ nữ đặt pizza ở đâu,457599,228,0.25235507
322,hai người đàn ông đang chơi tennis ở đâu,290690,227,0.08805462
323,người phụ nữ đang đi xuống phố ở đâu,64481,227,0.061263543
324,nơi hai chiếc xe máy đang dừng,464515,310,0.14341734
325,"một số người đàn ông chuẩn bị thức ăn ở đâu, trong khi những người khác chờ đợi",331676,228,0.5241162
326,người phụ nữ lấy một bức ảnh của mình ở đâu,98298,130,0.22564645
327,một số xe hơi đậu ở đâu,36639,336,0.084128626
328,anh chàng thổi khô tóc ở đâu,432037,230,0.17729147
329,hai con ngựa kéo một người đàn ông ở đâu,63893,336,0.051315017
330,cặp vợ chồng đang ngồi ở đâu,300072,227,0.06947717
331,người đàn ông đang ngồi trên một chiếc ghế dài với máy tính xách tay ở đâu,336075,227,0.49664152
332,con mèo đang ngồi ở đâu,85131,291,0.09478669
333,cô bé đang đứng ở đâu trong khi đánh răng,190863,230,0.23277573
334,sáu người đàn ông chuẩn bị một bữa ăn như một người đàn ông khác nhìn vào,51630,228,0.23211798
335,cặp đèn được treo ở đâu,437525,227,0.064027295
336,đứa trẻ đang giữ một chiếc ô màu cam ở đâu,46674,230,0.072164275
337,thuyền đậu ở đâu,345944,72,0.17482318
338,khoai tây và hẹ hầm ở đâu,310546,13,0.07606687
339,bốn chai chất lỏng nằm ở đâu,132329,228,0.17817737
340,mặt trời chiếu sáng ở đâu,420506,230,0.32148272
341,xe buýt đỏ mang hành khách ở đâu,59611,336,0.062476985
342,ba bông hoa ở đâu,343445,169,0.44241232
343,gà tây được nướng ở đâu,260733,228,0.11617011
344,hai nhà vệ sinh cũ và một bồn rửa nằm ở đâu,185276,230,0.37878153
345,đứa trẻ nhỏ đang nhìn ở đâu,339051,228,0.28701943
346,thú nhồi bông ở đâu,180713,124,0.08943956
347,có nhiều đồ ăn để ở đâu,188352,228,0.12825595
348,người đàn ông điều chỉnh cà vạt cổ ở đâu,103547,227,0.1524392
349,con chó bắt một cái dĩa hàng không,407809,63,0.06729213
350,hai người đàn ông và một đầu bếp phụ nữ ở đâu,166926,228,0.51237947
351,con mèo dính đầu ở đâu,22415,227,0.07608477
352,bí ngô và các loại rau khác ở đâu,486159,228,0.07188341
353,người trượt ván trẻ đang nhảy vào đâu,521339,227,0.05243693
354,bà già nuôi chim ở đâu,539791,336,0.051016826
355,nơi có màu hồng che giường và bàn,142051,227,0.20770179
356,nhà vệ sinh và bồn cầu ở đâu,394326,230,0.397105
357,một chiếc giường cổ nhìn ở đâu,8332,227,0.2208497
358,pizza đang nằm ở đâu,460830,149,0.16966845
359,con hươu cao cổ trẻ đang bú mẹ của nó ở đâu,3178,53,0.072719425
360,đâu là bến trực thăng,302481,186,0.12330693
361,một bồn tắm cũ ở đâu,477154,230,0.35808694
362,người phụ nữ đang làm gì đó để ăn ở đâu,464650,228,0.5286307
363,người phụ nữ sử dụng điện thoại di động ở đâu để chụp ảnh,522185,130,0.24813774
364,cô gái đang đi đâu,52238,230,0.05434124
365,người phụ nữ đang đeo khăn quàng cổ đang ăn ở đâu,261931,227,0.07447534
366,cô gái đang sử dụng máy tính xách tay của trẻ em ở đâu,437184,227,0.22123297
367,con mèo đen với đôi mắt vàng ngồi ở đâu,233379,83,0.07855813
368,con gấu nhồi bông ở đâu,384967,83,0.117350996
369,thuyền nhỏ được cập cảng ở đâu,50658,72,0.14102554
370,hai cây lan sáng màu đang cắmi ở đâu,303507,169,0.1974553
371,người phụ nữ đang ngồi ở đâu,465734,228,0.42557406
372,những chiếc lò nướng nằm ở đâu,182968,228,0.4228782
373,hai giường được đặt gọn gàng ở đâu,435994,227,0.24548738
374,người đàn ông mặc gì khi đứng trước một tòa tháp đồng hồ,274496,349,0.028925015
375,nhiều ngựa vằn đang cùng nhau ở đâu,28690,53,0.053689
376,đống hành lý lớn ở đâu,544719,227,0.068004146
377,người đàn ông đứng ở đâu khi một chuyến tàu đi qua,81544,275,0.05186898
378,ngũ cốc ở đâu cạnh chiếc bánh rán sô cô la trên đĩa,364364,13,0.07083588
379,con voi con đang đứng ở đâu,569582,53,0.051593706
380,người đàn ông đang chiêm ngưỡng những bông hoa ở đâu,232886,169,0.15229769
381,con mèo đang nhìn ở đâu,110989,130,0.15428424
382,người đàn ông chỉ một máy ảnh kỹ thuật số ở đâu,581396,130,0.17865086
383,hoa hồng được đặt ở đâu,201299,169,0.5453383
384,máy bay đang đậu ở đâu,206670,186,0.23555365
385,máy bơm xăng rất cũ ở đâu,507326,227,0.10034691
386,nơi có bồn tắm lớn một mình với nhiều tủ,407911,230,0.20369652
387,người mặc quần đùi đứng ở đâu,286081,227,0.09047217
388,con gấu nhồi bông ở đâu,239793,83,0.121684626
389,mọi người đang nằm ở đâu,475120,336,0.080216266
390,gương chiếu hậu phản chiếu một con chó ở đâu,495850,130,0.123851694
391,con mèo đã cuộn tròn ở đâu,278776,124,0.18159375
392,con chó màu vàng ngồi ở đâu,333098,124,0.11208601
393,khung cảnh cho thấy mọi người ở đâu,488432,336,0.0746436
394,nơi nào để chậu lấp đầy ngưỡng cửa sổ,358825,230,0.38218895
395,con chó nhỏ đang cưỡi ở đâu,494642,336,0.06708289
396,ngăn kéo mở đầy đủ các công cụ ở đâu,259712,227,0.04579361
397,xe bán tải đang ở đâu,304236,336,0.10284928
398,cậu bé đang đánh răng ở đâu,575273,230,0.3215449
399,bông cải xanh và xúc xích ở đâu,490118,13,0.07255083
400,con mèo cuộn tròn ngủ ở đâu,16664,60,0.0711488
401,món ăn của bông cải xanh và các loại hạt chứa ở đâu,99647,13,0.09390161
402,nơi giữ khăn giấy treo từ dây,91492,230,0.2758219
403,trường hợp một mặt phẳng nhỏ màu trắng và đỏ,327368,186,0.31390807
404,người phụ nữ nằm ở đâu,259284,124,0.39616385
405,xe bán tải đang chở một chiếc xe tải nhỏ hơn ở đâu,469658,336,0.05497706
406,em bé đang ngủ ở đâu giữa nhiều cuốn sách ảnh,332270,124,0.49191928
407,con chó nằm ở đâu trên ghế,411208,227,0.18420155
408,người đàn ông đặt một con gà tây chưa nấu chín ở đâu,187592,228,0.40325457
409,đầu bếp trang trí thức ăn ở đâu,554949,228,0.49318272
410,hai người đàn ông và hai người phụ nữ đang uống ở đâu,175798,227,0.25352946
411,trái cây rau và nấm các loại ở đâu,63668,149,0.05653508
412,những trái cam đang nằm ở đâu,576981,169,0.14730588
413,người phụ nữ rửa tay ở đâu,407470,230,0.25103784
414,nhà vệ sinh ở đâu,467180,230,0.42438802
415,người phụ nữ trẻ đang đứng ở đâu,246968,228,0.6141926
416,người phụ nữ đơn độc đứng ở đâu,103231,228,0.5402304
417,con mèo đen trắng nằm ở đâu,240691,83,0.10381068
418,người đang chụp ảnh tự sướng ở đâu,13921,130,0.24907184
419,gia đình đang ăn tối ở đâu,52037,227,0.1613125
420,ba người phụ nữ chuẩn bị nhiều món ăn khác nhau ở đâu,301431,228,0.42931762
421,quầy bar ăn sáng và giá để xoong nồi ở đâu,22256,228,0.21553639
422,con mèo đang đi đến đâu,22041,60,0.25635737
423,người đang nằm ở đâu,36022,124,0.5280807
424,người quay phim đang quay ở đâu trong khi hai nhóm người ngồi ở hai bên anh ta,428126,227,0.265682
425,cậu bé nhỏ đang đứng trên đại dương ở đâu,368248,227,0.06820046
426,hai người ngồi trên ghế ở đâu,581637,227,0.4742663
427,hai người đi xe buýt ở đâu,419815,306,0.05969908
428,con mèo đã cuộn tròn ở đâu,398702,291,0.076426335
429,một nhóm người đang ở đâu,300169,227,0.121368065
430,mèo con đang ngồi ở đâu,74825,83,0.08111034
431,người trượt ván đang biểu diễn một mánh khóe ở đâu,114703,227,0.068491474
432,người phụ nữ đang ngồi ở đâu,172597,124,0.408514
433,pizza được nướng ở đâu,382012,228,0.115073934
434,gấu bông trắng lớn đang ở đâu,96984,83,0.12761879
435,máy tính xách tay đang ngồi ở đâu,269045,227,0.14866567
436,con chó trắng đang ngồi ở đâu,448034,83,0.106364615
437,người đàn ông đang làm giấy tờ với con chó của mình ở đâu trên đùi,173400,124,0.34969446
438,những ngăn kéo tủ mở ở đâu,24294,230,0.31662303
439,giường lớn được hiển thị ở đâu,323115,124,0.20988828
440,búp bê được đặt ở đâu,49133,124,0.41678247
441,một số chuối và lê ở đâu,333845,13,0.084098935
442,hai hàng xe máy xếp ở đâu,216840,336,0.09695896
443,con chó đen nhìn sự phản chiếu của nó ở đâu,457477,227,0.14338379
444,giường bao đậu lớn đang ở đâu,230109,227,0.24712352
445,bàn ghế ngồi ở đâu,371402,227,0.10331612
446,con mèo đang cuộn tròn ở đâu,151567,60,0.18240882
447,con chim đậu ở đâu khi nhìn qua một thành phố,395973,62,0.058665216
448,người ngồi ở đâu,173400,124,0.4071543
449,cậu bé ở đâu cưỡi ván trượt của mình,36473,336,0.06431982
450,một số trẻ em đang tập thể dục ở đâu,524702,227,0.4520291
451,người phụ nữ nằm ở đâu,529283,124,0.36486202
452,một chiếc giường lớn và một cái ghế nằm ở đâu,480594,227,0.36666396
453,nhóm người xếp hàng ở đâu,189912,227,0.11432949
454,cậu bé đang đi đâu,61358,336,0.06184109
455,xe buýt đang dừng ở đâu tại trạm xe buýt,212346,336,0.054590758
456,con mèo nằm ở đâu,247301,124,0.19976571
457,ba chiếc gương và một cái bồn rửa nằm ở đâu,54758,230,0.27144495
458,một nhóm người đang ở đâu,325173,227,0.20224997
459,đứa trẻ đang nằm ở đâu,567439,124,0.5084824
460,những bức tường và đồ đạc là sứ ở đâu,314787,230,0.35669672
461,đồng hồ đỗ xe có chữ bị lỗi ở đâu?,215600,336,0.07251286
462,người đàn ông đang làm mặt ở đâu,214174,130,0.21517187
463,một giường phụ được thiết lập ở đâu,62292,227,0.2890493
464,người đàn ông nhìn vào đâu cạo râu mặt,191691,230,0.22251016
465,vài chiếc thuyền đậu ở đâu,373291,72,0.10770276
466,em bé đang rúc vào đâu,244284,124,0.34857997
467,cặp vợ chồng đang đứng ở đâu,152389,230,0.25176874
468,người phụ nữ đang chải tóc ở đâu,297964,227,0.30067575
469,người phụ nữ đứng ở đâu,450478,228,0.6233804
470,đứa trẻ đang ở đâu,445900,227,0.4938133
471,hành khách máy bay đang đi đâu,372130,227,0.061560977
472,giường với một cục văn phòng và một tấm gương được hiển thị,210612,227,0.19958189
473,bình hoa của hoa ở đâu,81431,169,0.54874843
474,bồn rửa trắng đang đặt ở đâu,569887,230,0.3529746
475,người đàn ông và hai con chó ở đâu,221416,227,0.09620543
476,hai xe đang đỗ ở đâu,217769,336,0.05486536
477,hai người đàn ông đang ngồi và nói chuyện ở đâu,51555,227,0.50428706
478,một số người lớn và trẻ em đang chơi ở đâu,508008,227,0.17001094
479,người đang chụp ảnh ở đâu,491873,130,0.2601162
480,miếng bánh với kem ở đâu,336593,13,0.06520779
481,pizza đang nằm ở đâu,51178,149,0.13318399
482,đàn cừu đang ở đâu,269532,53,0.051174384
483,một người và vali ở đâu,438841,227,0.05079946
484,con mèo đang ở đâu thoải mái,64423,291,0.10602035
485,hai người đàn ông trong trang phục ăn bánh rán,269004,149,0.032208588
486,nhiều voi đang đứng ở đâu,496752,53,0.057018306
487,mũi tên chỉ nằm ở đâu,285131,336,0.09696811
488,phòng tắm được thấyị ở đâu,469389,230,0.3434126
489,gấu bắc cực đang đi lang thang ở đâu,323583,83,0.047982737
490,một con hươu cao cổ và một con đà điểu sống ở đâu,361888,53,0.07193921
491,đứa trẻ đang ở đâu,448843,227,0.23140433
492,con mèo xám đang ngồi ở đâu,465695,291,0.088993266
493,chàng trai trẻ chụp ảnh tự sướng của chính mình ở đâu,62531,230,0.20061295
494,cậu bé đang ngồi ở đâu,408957,124,0.10616513
495,một người phụ nữ đang ăn một bữa ăn ở đâu,277857,228,0.111874945
496,hai người đàn ông đang chơi ở đâu,380084,227,0.4740492
497,hai người đông người ở đâu,359180,130,0.18418814
498,chiếc đồng hồ nằm ở đâu,87399,227,0.16444825
499,con mèo xám đang ngồi ở đâu,548141,291,0.07994851
500,các bông hoa màu trắng nằm ở đâu,300138,169,0.46247905
501,người đàn ông nhắm ai ở đâu,386564,130,0.06281759
502,người phụ nữ lớn tuổi rán donuts ở đâu,487349,228,0.4666798
503,những người đứng cạnh một vành đai nhận hành lý ở đâu,256877,227,0.08319278
504,cậu bé đang ngồi ở đâu,190905,124,0.30370253
505,hai đứa trẻ ngồi ở đâu trong khi một người phụ nữ tắm cho họ,176947,124,0.06274357
506,người phụ nữ đang ở đâu,150088,230,0.1838168
507,một chiếc xe cũ đang đậu ở đâu,222489,336,0.0794267
508,con mèo ẩm ướt ở đâu,537022,60,0.254186
509,người đàn ông với một tạp dề chuẩn bị hỗn hợp ở đâu,285821,228,0.54246724
510,hai đứa nhỏ đã đánh răng ở đâu,25237,230,0.21000172
511,hai người phụ nữ ở đâu,206628,228,0.4790797
512,con mèo đang ngồi ở đâu,371773,60,0.26225284
513,mặt mèo được phản chiếu ở đâu,292993,130,0.10835251
514,gấu bông hồng đang ngồi ở đâu,402004,83,0.05707138
515,ngưỡng cửa ở đâu,126958,227,0.36178258
516,xe cứu hỏa màu đỏ đậu ở đâu,292662,227,0.068312325
517,một tòa nhà mái vòm nằm ở đâu,347042,336,0.06170644
518,những bó hoa khác nhau cắm ở đâu,474439,169,0.56117034
519,người phụ nữ đang ngồi ở đâu,512625,227,0.08932704
520,cậu bé đang đánh răng ở đâu,1790,230,0.2542296
521,một số gói giấy thiếc ở đâu,374890,228,0.11949094
522,gấu teddy trưng bày ở đâu,563048,227,0.085742384
523,giường ở đâu,143820,227,0.21280345
524,đống lớn của miếng nhựa đen daniels nằm ở đâu,412190,228,0.12037143
525,cô gái nhỏ đang  cầm một bộ điều khiển trò chơi video nằm ở đâu,175606,124,0.39455256
526,con chim đang ngủ ở đâu,233039,62,0.065260306
527,gấu bông hồng đang ngồi ở đâu,79559,124,0.054780312
528,chuột hamster nhìn ở đâu,77292,130,0.15100317
529,người đàn ông đang nói về một bức ảnh của mình ở đâu,95950,130,0.20241785
530,con mèo đáng yêu đang ngóc đầu lên ở đâu,388312,291,0.06949121
531,con chim đang đứng ở đâu,191262,227,0.043118704
532,con mèo đen trắng ngồi ở đâu,373252,60,0.30415893
533,người đàn ông và phụ nữ ở đâu,562589,124,0.48883972
534,máy pha chế và lò vi sóng ở đâu,414651,228,0.3485359
535,lối đi trong vách tắm kính ở đâu,361858,230,0.28911138
536,bồ công anh ở đâu,299380,169,0.31475127
537,pizza bên cạnh cánh gà ở đâu,365841,149,0.12967063
538,người đàn ông chuẩn bị bánh sandwich ở đâu,168173,228,0.34119174
539,người đàn ông đang ngồi ở đâu,389577,227,0.13731022
540,đàn cừu được nhốt ở đâu,215480,53,0.059437618
541,những gì đậu trên tảng đá bởi nước,548275,62,0.31901202
542,hai người phụ nữ ăn những gì phủ với ớt và pho mát,471785,233,0.030302351
543,cái gì đang đậu bên ngoài bánh rán dunkin,360673,310,0.22702146
544,những gì nằm trên sàn bên cạnh một số đôi giày,412240,69,0.10941473
545,gấu bắc cực trong nước có gì trên một cái lồng,539067,132,0.16193193
546,cái gì đang đứng gần cái bàn chải vậy,476109,145,0.46942297
547,những gì bên cạnh nhau trên một bề mặt đất bên cạnh một gờ đá,534308,73,0.2218482
548,những gì được phủ trên với giăm bông và hành tây,355424,233,0.20511003
549,những gì đang đứng ở giữa một con đường,434693,313,0.053022258
550,những gì lái xuống phố trong một thành phố,487688,310,0.16716152
551,những gì ngồi và nhìn chằm chằm trong khi trên một bệ cửa sổ,489257,69,0.21717611
552,cô gái nhỏ cầm những gì được bao phủ bởi rắc,466533,63,0.050063733
553,những gì bay trên những ngọn đồi phía trên một bờ biển phát triển,502347,186,0.2547421
554,những gì nằm trên sàn bên cạnh một chiếc tivi với nhãn dán youtube trên màn hình,396932,69,0.049299784
555,những gì xe lôi kéo lên đường xuống một con đường tuyết,352007,70,0.16150549
556,điều gì sẽ xảy ra với một đôi giày thể thao,364429,69,0.15226874
557,những gì đang lội trong ao trong khi một cái khác đang ngồi gần đó,396779,62,0.09823499
558,những gì chứa đầy những lát táo và cà rốt cắt nhỏ tinh xảo,435475,13,0.098879375
559,cái gì đang ngồi ở bên đường,373753,313,0.14123757
560,những gì đang nằm trong một nhà bếp,556230,228,0.2209815
561,những gì phủ trên với pho mát và pepperoni nguội,365305,233,0.16754848
562,kích thước trung bình trên một đĩa trắng,409239,233,0.16115993
563,những gì nghỉ ngơi trên một con ngựa vằn khác,443591,213,0.07461828
564,những gì gắn trên cột để trưng bày,483767,186,0.41710627
565,những gì đang di chuyển xung quanh  một con đờng uốn cong,580829,313,0.1621791
566,người đàn ông với một vật nuôi râu đỏ thô,546222,70,0.13275668
567,cái gì dừng lại ở ngã tư ngoại ô,365618,313,0.19478922
568,những gì đã cất lên trên các bãi biển trên cát,526751,72,0.38619503
569,những gì đang chờ mẹ cô trở về,461410,69,0.29862264
570,những gì đi bộ trên bàn gần một cái đĩa,409088,62,0.09821186
571,những gì làm bằng gạch với dây leo mọc lên một bên,376856,349,0.054920856
572,con gì đang ăn cỏ trên mặt đất,581253,145,0.062157802
573,những gì bị treo trên móc thực vật bởi một sợi dài màu xám ngọc trai,473942,132,0.20294884
574,cái gì đang với lên để lấy một sợi lông trên một sợi dây,372227,69,0.09868877
575,những gì đang lái xe xuống phố,533408,306,0.2595303
576,cái gì trong bút của nó nhìn chằm chằm với miệng mở,412887,61,0.06448692
577,những gì đang đứng bên ngoài trên cỏ gần hàng rào,526560,145,0.07963008
578,những gì đang bay qua bầu trời xanh,410221,186,0.49811214
579,những gì mang một số thân cây lớn,565186,312,0.18395083
580,những gì được kéo gần nhiều công trình xây dựng,495786,70,0.1445974
581,ngồi trên đỉnh cỏ xanh là gì,391810,312,0.11066936
582,thứ gì được tách ra từ nhà vệ sinh trong phòng tắm,535643,230,0.31884664
583,cái gì trên bàn trên một cái đĩa trắng,378605,113,0.048891164
584,những gì đang nằm trên đỉnh trên một nồi màu đen,433075,69,0.1341427
585,người đang cưỡi cái gì xuống một đoạn đường dốc phủ đầy tuyết,364884,293,0.034617536
586,cái gì dựa vào bức tường gạch,342335,313,0.044909157
587,những gì được hiển thị trên cánh đồng với cỏ ngắn,344897,61,0.10490279
588,những người trượt tuyết và người trượt tuyết di chuyển xuống,415334,227,0.031298883
589,những gì núc trên cỏ như một con đà điểu đứng trong bóng râm bên dưới cây bên trái,431901,145,0.09842068
590,gây gặm cỏ trên đồng bằng cỏ,459487,70,0.06116849
591,những gì đang ngồi trong cửa sổ đằng sau một băng ghế công viên và hai ghế,397268,132,0.05872048
592,hai cá nhân cưỡi những gì trên một đường đi bộ,556205,72,0.14632836
593,cái gì đang rúc vào sở thú trong khu trưng bày của họ,341950,145,0.13456495
594,những gì đi vào một đường hầm đá cũ,514690,70,0.11348678
595,tay đang cầm cái gì,493424,327,0.038576666
596,những gì đang đứng trên đường bằng một cánh cửa,545958,61,0.05708324
597,những gì đi qua bởi những ngôi nhà bờ sông bên cạnh cây,410612,72,0.3319957
598,những gì đứng trên rìa của một đường sắt,388902,62,0.21496701
599,những gì gần nhau trong phòng,452179,124,0.37275234
600,những gì đi bộ cùng nhau qua cỏ đá lên bụi,483275,73,0.24832484
601,người đó cầm gì với một số thức ăn trên đó,360600,233,0.09711762
602,những gì di chuyển xuống đường ray trong bối cảnh ngoài trời,357331,278,0.26330814
603,điều gì đang nhìn vào một cái gì đó trong khi đứng gần một hàng rào,384848,145,0.46986946
604,có gì xếp hàng trên bãi biển,350000,72,0.049374286
605,những gì tiếp theo bên cạnh một chiếc macbook pro nguyên sơ,528049,69,0.06458684
606,cái gì nằm bên cạnh lốp sau của một chiếc ô tô,336372,313,0.068260506
607,cái gì đằng sau tảng đá và hoa,463303,169,0.14906909
608,con mèo ồn ào đang khám phá cái gì,561393,69,0.07425914
609,những gì đặt ra nhìn ra cửa sổ,442661,145,0.27689567
610,anh chàng cắn gì,553443,145,0.020237954
611,hai con chó ngủ trên một chiếc giường chó nhỏ là gì,354126,69,0.08607455
612,những gì cuộn tròn trên giường với một cuốn sách bên cạnh anh ta,403231,69,0.30513012
613,những gì hiển thị trên phục vụ platter để tiêu thụ,389477,233,0.1819208
614,cái gì bị khóa ở bên cạnh thuyền,536589,72,0.09546174
615,những gì được xếp chồng lên nhau với những khúc gỗ đã cắt,565186,312,0.13725129
616,cái gì ở trên sàn lát gạch màu xám,370444,230,0.1909811
617,điều gì dẫn đầu voi con về phía một cánh cửa,405972,73,0.22358383
618,rượu vang đỏ được rót vào ly trên bàn là gì,347087,169,0.031769916
619,những gì vượt qua các toa chở hàng của một đoàn tàu khác,349324,278,0.22675568
620,cặp đôi trong bánh xe trượt tuyết đã làm gì trong khi trên tuyết,412338,293,0.02995436
621,những gì đứng cạnh nhau,560119,313,0.06910167
622,những gì đang treo trên cành cây,561928,310,0.059042517
623,những gì cố định trên tất cả đối diện một chiếc ghế dài và phòng khách đẹp,497928,227,0.2660696
624,đây là những con ngựa kéo những gì từ nước,397135,70,0.15251534
625,những gì đang đi trên bàn phím máy tính,418799,69,0.16266008
626,những gì bay trong bầu trời bão tố,443450,186,0.5310066
627,gặm cỏ trong bút của họ là gì,411043,73,0.23933229
628,những gì nằm bên cạnh bồn tắm trong một phòng tắm trống,446574,230,0.1872529
629,đẹp những gì với các trung tâm màu cam trong một chiếc bình màu xanh,579453,169,0.29479215
630,những gì đang làm cho nó trở nên tròn trịa,510719,313,0.11900139
631,"những gì có thể có, xé toạc ô tô và làm tổn thương những người ngồi trong xe",341094,132,0.072245605
632,những gì đang chăn thả trong đàn trên cánh đồng,451102,61,0.045203548
633,những gì đang nằm bởi một chiếc xe đạp lớn,458119,69,0.19284064
634,người đàn ông đeo nhẫn đang buộc cái gì,335103,69,0.04234248
635,những khu vực được che phủ nào được đặt trong một cánh đồng,520109,186,0.06852128
636,người đàn ông đang cầm gì và đi bộ xuống vỉa hè trong mưa,379259,313,0.03806166
637,người chơi tennis đực đánh vào đối thủ của mình là gì,405223,293,0.022370338
638,nhóm người bên ngoài vào ban đêm dùng gì,470288,327,0.026958775
639,brussels mầm và xắt nhỏ những gì trên thớt,456377,233,0.04995504
640,cái gì chia ra cho thấy những bát thức ăn khác nhau,346138,233,0.035948917
641,cái gì đang hướng về phía hai chiếc ghế,364580,227,0.16570204
642,những gì đến một trạm trống ở đâu đó,565996,278,0.23630358
643,những gì được hiển thị với các lớp phủ khác nhau trên đó,555412,233,0.18966727
644,làm gì có đàn đi bộ băng qua một khu rừng có cỏ,550872,73,0.2867571
645,cái gì đang nằm trên giường với vỏ dày,401991,69,0.19491039
646,những gì đang làm sạch trên sàn trong một phòng tắm lát gạch,453093,230,0.23376781
647,những gì kéo giỏ hàng bên cạnh một cây cầu,559902,70,0.09658196
648,người đàn ông rót gì từ chai vào ly,343248,9,0.02822978
649,những gì nằm trên đường đua trong một vịnh được bảo hiểm,399567,278,0.17591697
650,"những gì trên đất gần nước, bên cạnh một sân chơi",383678,72,0.23464221
651,những gì đang đi trên đường,340701,306,0.27027488
652,con voi non giữ cái miệng của nó,551459,73,0.19209889
653,cô gái trẻ uống gì,482808,69,0.020691969
654,cái gì đang ngồi trên chiếc ghế dài lát gạch lạ mắt,521133,63,0.11562889
655,người đàn ông cưỡi những gì trên một ngọn đồi phủ tuyết,451714,293,0.04793265
656,những gì được hiển thị với giấy tờ trên đó,531086,228,0.436501
657,người phụ nữ mặc những gì đã có mang một túi dù che và đã mở hai chiếc,465074,293,0.024042243
658,những gì đang trôi nổi trong ao cùng nhau,449338,62,0.093738526
659,chó mặc gì,410168,63,0.076241985
660,những gì chứa đầy nhiều hoa màu khác nhau,492911,169,0.49096924
661,những gì đang ngồi trong một khu vực trống rỗng,428175,312,0.09365225
662,cái gì mà cái bìa kẹo nằm trên cái đĩa trắng vậy,475990,113,0.03369602
663,đang chơi gì với đĩa bay trong tuyết,359569,63,0.10727223
664,hai đứa trẻ đang bay trên một bãi biển với một người đàn ông là gì,394909,112,0.08807045
665,cái gì trong bát màu xanh lá cây,566687,233,0.06632455
666,những gì đang kéo hai chiếc xe tải nhỏ hơn,448114,312,0.19201826
667,những gì nằm trên cành cây,561009,62,0.3509552
668,những gì đi lang thang xung quanh trong bãi cỏ cỏ,516732,145,0.15252995
669,cái gì đứng gần nhau trên bãi cỏ cao,375573,213,0.07713663
670,người đàn ông đang xông hơi trong phòng tắm là gì,554021,230,0.08151173
671,những gì đỗ trong bãi đậu xe,575544,310,0.20317405
672,lề đường là gì,368648,278,0.078094676
673,điều gì làm đẹp cái bàn cho một bữa tiệc,448923,249,0.055224087
674,nhiều người đi bộ gì,538775,72,0.061043553
675,cặp ngựa kéo là gì,397135,70,0.11636782
676,những gì trên vỉa hè tại sân bay,413734,186,0.5728173
677,cái gì đang ở giữa quá trình đổi mới,536343,230,0.13793488
678,chim trắng nhận được những gì từ vũng nước,490125,62,0.09462716
679,những gì nằm trên đường phố,385042,295,0.03133192
680,những gì đang nằm trên một mặt trên,543696,233,0.021976817
681,những gì tất cả được nhóm lại với nhau trên bàn,406426,233,0.046952374
682,gặm cỏ trong một cánh đồng cỏ,449132,70,0.1866029
683,những gì nằm trên bãi biển giữa hai chiếc thuyền lớn,561979,72,0.29110858
684,những gì được che bởi ô trên bãi biển,353446,72,0.028351722
685,những gì chứa đầy súp rau bên cạnh một cái muỗng,484069,13,0.050756942
686,những gì ngồi bên cạnh chiếc bánh pizza lớn đứng đầu với chip tortilla,385873,233,0.09698356
687,cô gái nằm xuống trên đường là gì với những người khác nhìn và vẽ cỗ xe đang đậu tại lề đường,552273,313,0.087436594
688,những gì phủ với rau trong nước sốt,471226,233,0.07183602
689,những gì cúi xuống đang ăn cỏ đứng cạnh một hàng rào,528261,145,0.29909426
690,những gì chứa đầy đồ dùng văn phòng trên đầu bàn,410924,169,0.053823374
691,những gì đang phát triển trong một khu vườn bị lùn bởi lá của nó,410934,132,0.041439477
692,những gì mọc lên cao vào bầu trời màu xám,469824,349,0.079133175
693,đàn ông mặc đồ đen trắng trong một nhóm người và một người đàn ông mặc những gì,391199,62,0.03893102
694,cái gì nằm trên đầu của nó trên một khúc gỗ lật nghiêng,378765,132,0.21999957
695,những gì đỗ trên đường gạch,468508,310,0.23322143
696,những gì đến dừng lại vào giữa đêm,542079,306,0.1656693
697,những gì đậu trên đá trắng,497117,62,0.32233304
698,"cái gì được dựng lên trên cánh đồng, nơi đàn cừu đang tụ tập",564301,61,0.05257462
699,người đàn ông mặc quần yếm màu vàng đang cầm cái gì,558611,63,0.025259359
700,người chơi quần vợt giao cái gì,477010,62,0.0504027
701,cái gì dài hơn cái bánh mì và có pho mát nacho vắt lên nó,451598,233,0.041868944
702,người đàn ông đang ăn gì với những thứ rắc bên ngoài,375621,249,0.026670264
703,người đàn ông cầm thứ bên cạnh vòi chữa cháy bị đóng băng,339678,313,0.052918408
704,những gì giữ con gấu đen cho bé khi chúng nằm trên mặt đất,453981,132,0.21789233
705,những gì lấy ngủ trên giường với một tấm chăn,401991,69,0.18850867
706,những gì trên vỉa hè,578099,310,0.2449223
707,những gì nằm trong chỗ đậu xe trong bãi đậu xe,568611,310,0.21686347
708,những gì đỗ ở bên đường,532671,310,0.24678572
709,những gì nghẹt với nhau trong khu vực rừng,487534,145,0.07952714
710,những gì được hiển thị với sự đa dạng của các mặt hàng trên quầy,384213,228,0.26305556
711,người đàn ông đang ăn gì trong khi sử dụng máy tính trong áo choàng tắm của mình,412604,69,0.03511921
712,những gì nhai trên đồ chơi trên sàn nhà,460430,63,0.12773305
713,những gì lát trên bề mặt gỗ,366493,233,0.037698623
714,người đàn ông trong một chiếc áo khoác giữ những gì,414736,63,0.032577876
715,người phụ nữ đang ngồi trên một chiếc ghế sofa là gì,550707,9,0.085496835
716,cái gì đang lướt qua vùng nước,499393,72,0.1783195
717,những gì đang bay xuyên qua bầu trời,567432,186,0.49894205
718,hai con ngựa vằn và ăn gì trong một đồng cỏ khô,569674,145,0.14329182
719,những gì đỗ trên đường phố gần một tòa nhà,566278,310,0.22760428
720,con hươu cao cổ đi lang thang xung quanh cái gì và ăn từ máng trên tường,389721,145,0.3030176
721,những gì đứng trước một người đàn ông,569849,63,0.058152776
722,kéo những gì với mặt của lớp trên cùng,348519,249,0.04410606
723,những gì bay trong gió phía trên bãi cát,413146,112,0.069497496
724,những gì gắn vào tường của một tòa nhà,555748,349,0.06896614
725,những gì chăn thả cỏ trong bao vây của họ,444982,145,0.07819053
726,những gì chuyến tàu di chuyển xuống các đường ray bằng một chuyến tàu khác trên một đường đua khác đằng sau nó,434022,278,0.23660071
727,những gì tươi sáng và đầy nắng trước cửa sổ,369594,228,0.25517845
728,có gì bên cạnh kệ với khăn,538589,230,0.3129793
729,người đàn ông hói vàng đang giữ gì,558611,9,0.018655814
730,những gì bị cắt một nửa trên một tấm,543224,233,0.06636972
731,"những gì có nhà vệ sinh, bồn rửa có gương và vòi hoa sen",570736,230,0.40661648
732,những gì hiện chiếc xe hiển thị tính năng,349344,313,0.091570646
733,những gì trông không thoải mái khi nghỉ ngơi trên bàn,569333,69,0.25693563
734,những gì đứng trên đường trong một trò chơi bảo tồn,384258,145,0.046401136
735,những gì đỗ trên đường đối diện với xe,538792,310,0.26357427
736,những gì được tổ chức tốt với nguồn cung cấp,488201,190,0.050318163
737,những gì giữ một số rau trộn với một số nước sốt,558640,13,0.056506112
738,thứ gì đang ngậm dĩa nhựa trong miệng khi nó đang chạy,572825,63,0.12869029
739,những gì chứa đầy sushi và rau,516871,149,0.077477075
740,những gì đang ở trên một bãi biển bên cạnh đại dương,561979,72,0.2556237
741,những gì đang ngồi cùng nhau trên một chiếc giường trên giường,550713,63,0.11517738
742,và ăn những gì tại sở thú với những con voi khác đằng sau anh ta,411043,73,0.23573473
743,những gì xung quanh bó cây,507313,169,0.060032215
744,"cái gì đứng cạnh với chuối, kiwis và đu đủ",581781,149,0.022017844
745,những gì đang ngồi trên đại dương không di chuyển,397483,72,0.41535342
746,những gì đang ở trên đường,394275,306,0.15059704
747,người đàn ông đang dùng đòn gì trên một bộ quần áo màu xanh lam kiểm tra,554021,130,0.028238874
748,những gì giữ cá và cà rốt nấu chín,533688,233,0.054020837
749,những gì đang nằm trên chăn trên đỉnh của một chiếc ghế dài,383448,69,0.1399688
750,cái gì trên bàn máy tính với một tách cà phê,482974,190,0.047901936
751,những gì đang ngồi trước một cái cây với nhau,422253,145,0.36922768
752,những gì bên trong tủ gỗ,476331,228,0.23217055
753,một số con ngựa rất lớn kéo những gì tải với thùng,459117,313,0.073147416
754,hai vật bằng nhựa nhỏ giống như cái gì,568337,291,0.031707563
755,những gì được nhìn thấy đậu trong tuyết,391689,312,0.14789027
756,những gì lật lộn ngược trên một bãi biển,561335,72,0.15460123
757,những gì đỗ trên đường ray bên cạnh một số nước ngập lụt,508672,313,0.060847588
758,hai vận động viên lướt ván mang xuống bãi biển cái gì,480210,112,0.026796138
759,những gì đang được giữ lại khi nó hiển thị một thông báo và một hình ảnh,499266,327,0.03717085
760,người đàn ông đang cưỡi gì trên mặt nước của đại dương,486774,72,0.06432191
761,những gì lộ ra pizza với thịt và rau,484425,228,0.08451689
762,cái gì đang chạm vào nhau bằng cái thân và cái ngà của họ,359135,73,0.22868888
763,những gì đi chơi trong cánh đồng khô,474762,70,0.15966973
764,những gì được bao phủ bởi cờ lê treo và một chiếc đồng hồ,404388,230,0.023785349
765,có một con mèo đen lớn đang mặc cái gì,337180,69,0.15472373
766,những gì không thể chờ đợi để kết thúc một ngày,571219,73,0.23940532
767,cái gì đang đứng trên cánh đồng,474347,73,0.22711875
768,những gì đang bay trên bãi biển với một chiếc máy bay mô hình điều khiển vô tuyến,579602,186,0.14580743
769,những gì phục vụ với brocclie trên bàn,526028,233,0.060402114
770,những gì đầy hoa hồng bên ngoài,533485,169,0.36684352
771,những gì đang được sử dụng như bình hoa,400052,169,0.1652456
772,những gì được đặt bởi hàng rào bị hỏng và cây cối,524502,227,0.029040346
773,nhóm nhân viên văn phòng khoe gì,365626,9,0.02246242
774,những gì được nấu và sẵn sàng để được ăn,553075,233,0.17396201
775,người phụ nữ đang cắt với kem roi là gì,538163,9,0.10287661
776,"ăn tối những gì với bít tết chuẩn bị, bông cải xanh và nấm xào",425848,233,0.04244452
777,tmột đồng cỏ con gì ăn một vài ngọn cỏ,383039,61,0.06314396
778,những gì đứng cạnh nhau khi họ nhìn thẳng về phía trước,557220,145,0.10107723
779,những gì trên quầy gỗ,499922,113,0.04886891
780,những gì đã đăng ở trên chúng,348045,230,0.12454107
781,ngựa vằn trong việc ăn tự nhiên những gì,417946,145,0.061721765
782,cái gì đang ngồi trong lò nướng,362482,233,0.039678764
783,những gì đang được hướng dẫn qua công viên,381870,73,0.15291207
784,những gì đang đậu cạnh nhau,342814,306,0.17643976
785,những gì ở đầu với bữa ăn trên bàn,533688,233,0.07588701
786,những gì bên cạnh máy rửa chén,517018,228,0.08559112
787,những gì đang đi với vật nhỏ trong thân cây,477389,73,0.25749892
788,ba chàng trai đã mua những gì ở cùng một nơi,522727,9,0.035400182
789,những gì đang ngồi đậu bên đường gần mọi người,359451,310,0.22063945
790,mì ống alfredo với bông cải xanh và nấm là gì,556183,233,0.054160964
791,con gì đang đứng trong khu vực có rào chắn,581726,73,0.25704503
792,những gì tụ tập xung quanh cây bởi dòng nước nhỏ,355860,145,0.25698033
793,những gì đang đứng trong người đàn ông của họ làm bao vây,450004,132,0.33696935
794,người đang giữ gì,462643,327,0.030550692
795,toàn bộ cuộn giấy vệ sinh bị tắc nghẽn là gì,354098,230,0.27246118
796,những gì đỗ bên ngoài tòa nhà theo phong cách chùa giữa những tán cây,399942,310,0.18775463
797,người đàn ông đang cưỡi một chiếc ván trượt xuống một tấm kim loại treo,529065,293,0.0325199
798,những gì xếp hàng trên đường băng với thiết bị hạ cánh trong ngày nắng,527783,186,0.61478597
799,những gì đang đứng trong cánh đồng xanh rộng lớn,491481,145,0.47043484
800,những gì đang ngồi trên khúc gỗ lười biếng ngáp,388766,132,0.23815806
801,những gì đang đứng gần con voi lớn hơn,549182,73,0.27451578
802,những gì được bao quanh bởi hai loa và bàn phím,353096,190,0.045798145
803,ngồi bên trong bồn tắm là gì,558073,69,0.1621623
804,cái gì mở bên cạnh đèn lit,523096,227,0.06454442
805,những gì bao gồm rau và thịt,385174,228,0.05151203
806,những gì đang đi trong khu vực được chỉ định của họ trong một sở thú,534308,73,0.22414503
807,cái bao phủ bùn đậu ở một số cầu thang,537611,310,0.16415386
808,cái gì đang đỗ tại ga tàu,418533,278,0.22791518
809,những gì cho thấy con hươu cao cổ nhìn phía sau một chiếc xe hơi,432120,313,0.07307528
810,những gì đang đi qua rừng với những cây cao,526645,145,0.40430966
811,cái gì đang ngồi bên đường có nhiều màu,350607,69,0.038340375
812,phương tiện di chuyển tốt ở thị trường địa phương là gì,351875,310,0.10116119
813,những gì nghiêng đi một bên khi nó chìm xuống sông,545924,72,0.33911517
814,người đang buộc những gì xung quanh cổ một cô gái,450075,62,0.051625542
815,những gì nằm bên cạnh một chiếc máy bay khác,556597,186,0.56121844
816,hai đứa trẻ đong đưa những gì,426523,70,0.030634584
817,"hai con bò trong một cánh đồng là gì, một cái mặc",386436,61,0.06220559
818,những gì được bao phủ trong graffiti đầy màu sắc,524742,278,0.12804674
819,con chó đen và trắng vừa có những gì,369541,63,0.08851444
820,người đàn ông mặc vest và đeo cà vạt là gì,347254,63,0.03205152
821,những gì đặt trước một bức tường gạch,576941,62,0.049723815
822,cái gì đang ngồi trên băng ghế bị bỏ hoang,352936,62,0.09835536
823,người đàn ông đang quay trên ngón tay của mình là gì,406676,62,0.035220925
824,những gì đang cưỡi trên đỉnh của một con tàu,447927,73,0.060896736
825,cái gì nói chuyện  trên điện thoại có dây trên bàn điện thoại,371506,132,0.0524412
826,đứa trẻ nhỏ đang giữ gì trong khi nằm xuống,462890,124,0.11742014
827,cái gì đang nhìn ra cửa sổ cao,346865,69,0.19594443
828,những gì đang kéo một cỗ xe đứng trên đường bên cạnh một cái giếng,572861,70,0.21060213
829,một con cừu nâu đứng cạnh nhiều thứ gì,451102,61,0.047019154
830,những gì đứng trên một vỉa hè trống rỗng,460149,349,0.047565658
831,làm gì trong khu vực rộng lớn đứng đằng sau một khu vực có hàng rào,528862,145,0.37053302
832,cái gì đậu trong bãi đậu xe,371054,312,0.16597572
833,người phụ nữ mặc áo vàng đánh gì trên sân đất nện,563927,62,0.03722727
834,những gì trong phòng ở bên cạnh nhau,517600,230,0.2893403
835,đang chơi gì với nhau trong cái hố nước nông vậy,353408,73,0.22492276
836,những gì đỗ lề đường bên cạnh đồng hồ đậu xe,387150,313,0.23319837
837,những gì chứa đầy hoa trên đầu bàn,500825,169,0.56750697
838,những gì trên sườn đồi cỏ bên một ngọn núi,353695,61,0.05514433
839,tòa tháp này có gì ở trên cùng,454623,349,0.06205127
840,những gì đang nhìn ra một cửa sổ xe trong khi ngồi trên đùi phụ nữ,407286,63,0.099699505
841,cái gì đánh hơi thấy gần con mèo đang ngồi trên bãi cỏ,349776,69,0.097879715
842,tay đầu bếp cầm cái gì mà miếng thịt phủ trên đầu thìa,375426,233,0.051158264
843,muốn kết bạn với một cậu bé là gì,350897,73,0.16168712
844,những gì đi qua khu vực cát,477389,73,0.26833504
845,những gì đang ngồi trên một cái tát xi măng bên cạnh một công viên xanh tươi tốt,391371,62,0.048476007
846,những gì liên tiếp trong một phòng tắm bị phá hủy,566189,230,0.059157472
847,những gì đang ngồi dưới những tòa nhà cao tầng neon,403907,63,0.035544842
848,cái gì đang mở và có rất nhiều trứng,397322,228,0.062027697
849,những gì đang thối đi trong cánh đồng này,434723,312,0.093507074
850,những gì đỗ trên đỉnh của một cánh đồng bụi bẩn,424554,312,0.17764577
851,cái gì trên và quầy trong bếp,552610,228,0.16027434
852,người đàn ông đang chụp gì với một chiếc máy ảnh nhỏ,340209,62,0.023544598
853,những gì chứa đầy nhiều chuối xanh,508087,312,0.069258295
854,những gì đang đi từ máy ảnh,397518,132,0.3389294
855,con lừa kéo không có hành khách là gì,384513,313,0.0684561
856,những gì được bao phủ trong bát và đĩa chứa đầy thức ăn,368679,13,0.06655036
857,những gì ngủ trong rừng trên một tảng đá,376443,132,0.2704684
858,cái gì đang đứng trên rãnh,337139,62,0.3618828
859,những gì đứng yên trong môi trường sống của chúng,509588,145,0.122272424
860,những gì đang đi qua một cánh đồng cạnh nhau,442536,145,0.07943873
861,những thứ đang đứng trong một cây bút là gì,507042,145,0.447415
862,người đàn ông trong chiếc áo sơ mi trắng và mũ đỏ bắt được gì,409198,145,0.028012251
863,những gì trên bầu trời như một số đậu trên đường băng,449996,186,0.6104815
864,cái gì đang ngồi trên đĩa trắng,346262,249,0.060534168
865,những gì trên bảng trên một quầy trong một nhà bếp,460378,228,0.2676793
866,bức tượng đeo gì,574411,62,0.025652269
867,người đàn ông nấu ăn gì cho bữa tối,483401,228,0.13213418
868,hai chiếc khăn hình những gì trên giường với gối,572899,124,0.113902554
869,những gì được buộc vào cây,481281,70,0.20236874
870,những gì nhìn vào máy ảnh trong khi ngồi trên đi văng,490284,63,0.1456609
871,cái gì đang ngồi trên cành cây bên ngoài,374551,62,0.33908325
872,những gì gấu ngồi trên đỉnh của một bài gỗ,388766,132,0.20556907
873,những gì đang đi xuống đường ray kéo một số chiếc xe phía sau,380388,278,0.22834334
874,thứ gì đang cười trong lò nướng bánh mì,362482,233,0.04621988
875,những gì đứng đầu với ba loại bánh rán khác nhau,399516,113,0.053278767
876,những gì có đồng hồ treo ở trên cùng,574110,349,0.05226655
877,cái gì đậu ở bãi biển bên cạnh một tảng đá,373333,310,0.2085064
878,những gì bên cạnh cây trên đồng bằng,478406,145,0.5152124
879,những gì hiển thị đồ trang sức và một đống dvd,572260,124,0.06184371
880,hai người phụ nữ và một người đàn ông đang cầm gì khi uống rượu,515716,9,0.025587745
881,những gì đứng trong vỏ bọc sở thú với ngựa vằn trong nền,456756,145,0.39776412
882,những gì bên cạnh chiếc vali,535050,291,0.06669064
883,những gì tải với phô mai và các lớp phủ khác,336320,233,0.06861275
884,bức tranh cho thấy một người phụ nữ khỏa thân sử dụng những gì,437720,69,0.055643342
885,những gì nằm trên nhánh cây,475944,62,0.30869955
886,những gì nhìn vào du khách đến công viên động vật hoang dã?,478821,145,0.06861561
887,những gì bên cạnh một chiếc xe màu xanh,386581,70,0.09762493
888,người đàn ông đang xem cái gì bay qua không trung,352552,186,0.089514844
889,đang chơi gì trong một cánh đồng cùng nhau,377282,132,0.2585108
890,những gì đang đi xuống các đường ray trong một trạm,420589,278,0.20740706
891,những gì đứng trong cây bụi xanh,414109,145,0.469371
892,cái gì nằm trên những cái bánh quy trên đầu lò,556478,233,0.17144197
893,những gì đang đi xuống đường ray một cách nhanh chóng,382728,278,0.24149342
894,những gì được ăn hết trong khi các loại pizza khác vẫn còn nguyên lát,358075,233,0.068430334
895,những gì đang chăn thả trên đồng cỏ sau hàng rào,352755,70,0.16160248
896,những gì đang đỗ bên cạnh chiếc xe máy màu xanh,495613,310,0.25670582
897,những gì đi du lịch trên đường phố,490794,313,0.18018478
898,cài đặt hành trình tại bến tàu là cái gì,513181,72,0.3549373
899,thứ gì đang rơi ra trên ghế của một chiếc xe máy,513585,69,0.12477002
900,những gì đang đứng cùng nhau trên sân bên ngoài,522430,61,0.084032185
901,những gì đỗ ở bên đường,540187,310,0.2358022
902,hai người và một số thức ăn được chứa đầy những gì,528821,233,0.07857643
903,những gì phản chiếu trong gương,490639,69,0.101145566
904,người đàn ông và con trai đã đứng trên bãi biển với một sự tự lắp ráp,579307,112,0.042807993
905,ngựa vằn ăn gì trong một cánh đồng đầy cây,551602,145,0.057070933
906,người phụ nữ mặc gì khi cô ấy cưỡi một con ngựa nâu,542634,70,0.120971344
907,thưa thớt những gì với máy tính cổ và điện thoại quay số,423189,227,0.061151512
908,những gì đứng cạnh nhau trong bụi bẩn,478821,145,0.06500027
909,những gì ở phòng tắm gạch và được một cặp vợ chồng đang treo lên,570138,230,0.2804144
910,những gì sẽ bay vào một ngày nắng,474788,186,0.45441422
911,những gì cung cổ của nó trong một vỏ bọc sở thú,447194,145,0.117610075
912,những gì thể hiện một bát lớn trái cây nêm,523100,228,0.09719475
913,cái gì kéo xe trên một con phố cổ,522990,70,0.115463756
914,đang đi bộ xuống sườn đồi có cỏ bao phủ,366508,132,0.12197464
915,những gì nằm trên bàn gần hai màn hình máy tính,383406,69,0.24793066
916,tàu điện ngầm màu đỏ uốn lượn qua một lớp tuyết bao phủ là gì,571746,278,0.15927514
917,những gì đang đi xuống các đường ray bên cạnh đường cao tốc,547839,278,0.12756817
918,những gì được đặt màn hình máy tính để bàn,488201,190,0.054557595
919,điều gì đang đi nhanh,399274,278,0.21926156
920,anh chàng giữ những gì đã sẵn sàng để chơi bóng,403675,186,0.034150463
921,cái gì đang đậu trên lưng con vật có sừng,381368,61,0.061572343
922,cái gì cao ở phía bên của bức tường tháp,367452,349,0.06837874
923,nhóm các chàng trai mặc đồng phục màu đen và đỏ và giày đen mang theo cái gì,477288,293,0.025498847
924,những gì đang đi xuống các đường ray,465893,278,0.25441006
925,con chó mặc những gì đặt ra cho máy ảnh,468541,63,0.10777081
926,những gì uốn cong để ăn một số thực phẩm,528261,145,0.32850415
927,những gì đã chụp vào một ngày nhiều mây,509551,349,0.0745938
928,cái gì thơm ngon trong một bát bạc,571279,233,0.030812457
929,những gì nằm trong phòng tắm công cộng với gạch màu cam sáng,416184,230,0.26894373
930,những gì đang đứng ở rìa tài sản của họ,485489,63,0.1257
931,người đàn ông mặc những gì đang sử dụng điện thoại di động,449402,293,0.021104535
932,"những gì giữ một chiếc bánh sandwich, coleslaw và một dưa chua",419117,233,0.036822543
933,những gì nằm trên bảng buffet,448923,249,0.05461256
934,người phụ nữ đang cầm gì để phục vụ bóng,397101,62,0.038989775
935,những gì đang đi xuống phố,415530,313,0.08270637
936,những gì dùng để trang trí bánh cupcake,563261,169,0.070639245
937,cái gì đang ngồi trên boong,360943,69,0.08869516
938,cái gì ngồi ở phía trước của một lớp học trống,373170,227,0.062260382
939,cậu bé xem gì,417590,313,0.040242057
940,tàu nào đang ngồi trên đường ray của nó,560466,278,0.17667574
941,những gì đang nằm trong ngưỡng cửa sổ bên cạnh một bức màn,424545,69,0.2989915
942,những gì đang đỗ bên cạnh lề đường trong một thành phố,408047,306,0.21072897
943,những gì cuộn tròn với một số động vật nhồi bông,480593,69,0.14033316
944,những gì cho thấy băng ghế gỗ ở phía đường phố,491131,23,0.042323537
945,chuyến tàu nào đi ngang qua thùng chứa khí propane,356298,278,0.102267206
946,trên bàn có bánh sinh nhật hình gì,377368,9,0.07662832
947,phòng nào không có ai trong phòng,478490,228,0.48705554
948,cái gì miệng của nó trong khi đứng trên một tảng đá,519611,132,0.29630974
949,những gì đang ngồi trên băng ghế của ngô và cỏ khô,391139,63,0.1079017
950,"những gì đứng ở xa, nó có đồng hồ trên đó",458918,349,0.075646885
951,những gì đứng trong thói quen của nó trong khi mọi người xem,469279,73,0.2779834
952,chuối một số cam là một con dao và thớt bát,392850,13,0.046100922
953,cái gì đang ngồi dưới bầu trời đầy sương mù,430760,349,0.072164625
954,cái gì trên sàn với nội dung của nó xung quanh nó,539419,291,0.069001295
955,cái gì nhồi thịt đang ngồi trong giỏ,360902,249,0.046450086
956,những gì được kéo dọc theo lề đường,499615,306,0.23481129
957,những gì được bao phủ bởi lò hơi đầy nước và các loại thực phẩm khác nhau,505133,228,0.24784109
958,những gì đang chạm vào nhau trên thân cây,394458,73,0.2857093
959,những gì được đặt chồng lên bức ảnh của một con tàu,447927,73,0.053086597
960,cái gì trên tấm với một ít kem,403333,9,0.027777366
961,những gì tàu kéo than đứng trên một mặt trước một kho,546524,278,0.2514808
962,những gì ngủ với nhiều động vật nhồi trên giường,434996,69,0.1089534
963,những gì đang đỗ và bị xích ra ngoài,449768,310,0.2081139
964,những gì được xếp hàng ở bến cảng vào ban đêm,361085,72,0.38353854
965,bẩn những gì bao quanh bởi một tủ kim loại màu xanh lá cây và ống kim loại tiếp xúc,549817,230,0.19866501
966,những gì đấu vật trên cánh đồng tuyết,502084,132,0.277378
967,những gì đang đứng trong tự nhiên cùng nhau,423810,145,0.07039064
968,cái gì đang ngồi bên cạnh một chiếc ghế dài bằng gỗ,342060,69,0.049040623
969,những gì trên cùng với rất nhiều bánh pizza phô mai,514180,233,0.12361165
970,con ngựa kéo những gì ngồi trong một con phố cổ,522990,70,0.13313109
971,điều gì đang theo dõi người đàn ông vào một cửa hàng,496897,63,0.07828762
972,cái gì đang ngồi trên bờ biển,354744,72,0.27211732
973,người phụ nữ và cô bé giữ gì trong mưa,428985,63,0.030220028
974,cái gì đậu ở lề đường gần công viên rợp bóng cây như khu vực,373140,310,0.14050078
975,cái gì đang nhìn trên một bức tường đá ngắn,496081,70,0.21880119
976,những gì được trang trí với dây leo và hoa,459786,230,0.10733124
977,những gì được neo đậu dưới nước và một số ngọn đồi,517425,72,0.38930255
978,những gì đang lấy đồ uống từ vũng nước,490125,62,0.118890174
979,có gì đỗ bên ngoài tòa nhà,429497,310,0.07289446
980,người đàn ông đang chất gì lên giường của một chiếc xe tải,341230,69,0.024983304
981,cái gì đang ngồi bên cạnh hai cái quầy,533978,228,0.06672846
982,những gì nhìn ra hồ pha lê,397109,72,0.11476231
983,cái gì gắn với phao di chuyển trong nước,406119,186,0.21917641
984,những gì ngồi cập cảng gần cầu thang,529774,72,0.41740093
985,người phụ nữ trong đỉnh trắng và hai cô gái đang giữ gì,499866,63,0.04709076
986,những gì kéo lên dọc theo một số tòa nhà,338986,278,0.22064056
987,nơi người đang cầm ô đi xuống là gì,575243,313,0.0653148
988,dày những gì với rau trưng bày trên bàn gỗ,549885,233,0.19666564
989,cây xanh đang ăn gì,360132,145,0.4397141
990,cái gì đang ngồi trên đường băng sân bay,371973,186,0.4542354
991,những gì đứng trước tủ lạnh với lò vi sóng,575356,228,0.073253214
992,màu xanh và trắng là gì,403863,230,0.04760964
993,cái gì đang ngồi bên dưới xe,336372,313,0.07178521
994,những chiếc bàn phủ đầy tuyết,413626,186,0.0365659
995,những gì ngồi trong bóng râm bởi một bức tường,427643,132,0.052677754
996,cái gì đỗ cùng với con đường đất,475042,312,0.18990675
997,anh chàng mặc cái gì cũng giơ chân lên khi đi thang máy lên đồi,348795,63,0.062991925
998,cái gì chứa các món ăn chính trong khi chuối được đặt ở phần sau của khay,339356,13,0.046525877
999,những gì bên cạnh một máy nâng cắt kéo,540697,186,0.4922855
1000,những gì đang chơi trên cánh đồng xanh,530407,73,0.24192795
1001,những gì nằm trên đi văng,515755,132,0.122703955
1002,những gì đỗ trong nhà ga đường băng tại sân bay,498666,186,0.57610977
1003,những gì tất cả các phím phổ biến nhất,364860,69,0.030836066
1004,những gì được dự trữ với một số chai khác nhau,335085,228,0.058124952
1005,những gì đang nằm trên cỏ,573778,145,0.2330446
1006,ngồi trên đầu phòng tắm là gì,432619,169,0.13767886
1007,cái gì kéo ra từ bên dưới lò vi sóng,577584,69,0.033584036
1008,cái gì đặt trước hộp thức ăn,378614,233,0.0974417
1009,người trượt tuyết trên tuyết là gì,475396,293,0.0378153
1010,những dấu hiệu ngồi lên trên bức tường gạch,545235,313,0.03752754
1011,những gì nằm trên bàn máy tính bên cạnh một con chuột,385641,69,0.062417082
1012,những gì gấu treo bên cạnh cây,405032,132,0.23896559
1013,có gì mặc một chiếc mũ voi,545826,69,0.15212181
1014,những gì bị xích vào lan can,459933,72,0.28500724
1015,cái gì đậu trên cành gỗ,367433,62,0.37435985
1016,ô dù bãi biển đỏ và trắng đông đúc là gì,388846,72,0.033241153
1017,những gì bên cạnh con đường phủ tuyết,544644,313,0.03946161
1018,con ngựa đá cái gì,357044,70,0.13357775
1019,những gì được đặt trên bảng màu nâu,510117,233,0.20393641
1020,những gì đỗ trên đỉnh của một tầng lát gạch,444926,310,0.19897841
1021,những gì chứa đầy một loại rau và một cái muỗng gỗ,504005,13,0.05885928
1022,những gì đang được sử dụng trên gác lửng của một nhà hàng,519471,190,0.03338415
1023,những gì đang được rang trên lửa trại,399296,132,0.046713807
1024,những gì di chuyển trong thành phố,571182,306,0.05036326
1025,những gì mô tả những gì thành phố trông như trong thời gian này,560119,313,0.063439764
1026,anh chàng đang mang những gì trên tay,581557,62,0.02551143
1027,những gì ăn trong bát thức ăn của họ rất kịch tính,437556,69,0.16845706
1028,có bao nhiêu người đứng trên tuyết và đeo ván trượt,202981,136,0.2660279
1029,có bao nhiêu con hươu cao cổ đứng quanh sào ăn cỏ khô,14686,136,0.27970326
1030,có bao nhiêu con cừu đang gặm cỏ trên sườn đồi xanh,185530,136,0.2899782
1031,bao nhiêu máy bay chiến đấu bay trên bầu trời,271401,136,0.21982218
1032,có bao nhiêu con hươu cao cổ đang ở trong chuồng của chúng một bức tường cỏ và cây,136983,136,0.31195992
1033,có bao nhiêu người đứng cạnh một con voi dọc theo một dòng sông,562207,136,0.31530535
1034,có bao nhiêu con ngựa đang gặm cỏ trên cánh đồng cỏ nâu,65961,136,0.29899776
1035,có bao nhiêu con mèo ở gần cửa sổ có màn che,346865,136,0.32209155
1036,có bao nhiêu phụ nữ mặc váy hoa đang ngồi vào bàn,430257,136,0.29103655
1037,có bao nhiêu máy bay đang bay trong hình thành trên bầu trời,506371,136,0.25624958
1038,có bao nhiêu tivi bên ngoài một dấu hiệu đồ uống quảng cáo để bán,563827,136,0.28644627
1039,có bao nhiêu chiếc bánh mì kẹp giấy bị mắc kẹt trong cốc,246641,136,0.2858569
1040,có bao nhiêu người đàn ông đang ngồi ở bàn với cái micro trước mặt họ,523995,136,0.29974785
1041,có bao nhiêu bồn tiểu được gắn vào tường với những người chia nhỏ màu trắng,577796,136,0.28653046
1042,bao nhiêu máy bay phản lực màu đỏ bay trong không khí và để lại một vệt khói,532753,136,0.24805447
1043,có bao nhiêu người đàn ông cầm gậy bóng chày đứng trên một cánh đồng,564676,136,0.30260548
1044,bên cạnh cây thông noel có bao nhiêu mặt đồng hồ,155108,136,0.2828824
1045,có bao nhiêu chiếc thuyền đang hướng tới thác nước,166179,136,0.27862322
1046,có bao nhiêu cầu thủ bóng chày đang giữ những con gậy bóng chày đứng trong hầm,573704,136,0.30370417
1047,quầy rượu có bao nhiêu ly khác nhau,153845,0,0.24719745
1048,có bao nhiêu người đang tận hưởng ngày trượt tuyết trong mùa đông,465765,136,0.30172843
1049,có bao nhiêu con ngựa nâu gặm cỏ trên cánh đồng bên cạnh một cái cây,134034,136,0.3015848
1050,có bao nhiêu người đàn ông mỉm cười khi chơi trò chơi điện tử,53328,136,0.30515477
1051,có bao nhiêu người trong trang phục công sở đang thảo luận quanh bàn,124580,136,0.2825578
1052,có bao nhiêu con dê lông đang đi bộ lên một con đường mòn trên đồi,206397,136,0.30738157
1053,bàn này có bao nhiêu ly rượu và một món ăn nhẹ,62038,136,0.26720178
1054,"có bao nhiêu con ngựa vằn trong một khu vực kín - một con đứng, con kia nằm trên mặt đất",436438,136,0.30823156
1055,có bao nhiêu con ngựa vằn đứng trước một đống cành cây,78000,136,0.30505022
1056,có bao nhiêu cậu bé ngồi trên cỏ ăn bánh,42482,136,0.29065147
1057,có bao nhiêu con ngựa vằn đang gặm cỏ cao trên thảo nguyên,10733,136,0.29771513
1058,có bao nhiêu con vật đang ngả ra khỏi lồng gỗ ăn cỏ khô,213739,136,0.29377437
1059,có bao nhiêu con chim trên dây điện một mình,255176,136,0.26905707
1060,có bao nhiêu con hươu cao cổ trong một cái chuồng đang vươn tới rãnh nước trên mái nhà,385075,136,0.31769302
1061,có bao nhiêu điện thoại di động trên bàn gỗ,568367,136,0.25493628
1062,có bao nhiêu phụ nữ đang cầm ván lướt sóng và mỉm cười ở bãi biển,566159,136,0.3239794
1063,có bao nhiêu người mặc trang phục sặc sỡ đang đạp xe dài,424464,136,0.28056857
1064,có bao nhiêu con bò được gắn thẻ đang đứng trong một cái bao vây đầy bùn,541510,136,0.3207503
1065,có bao nhiêu thanh niên đang chơi trò ném đĩa trên bãi biển đầy cát,229765,136,0.306686
1066,có bao nhiêu người lướt sóng hướng về một con sóng trong đại dương,167352,136,0.29555148
1067,có bao nhiêu bông hoa thủy tiên vàng trong một cái bát thủy tinh trong suốt,414680,136,0.28301808
1068,có bao nhiêu thanh niên xếp hàng với ván trượt,359778,136,0.28278586
1069,"bao nhiêu hành lý màu xanh, đen và đỏ",7690,136,0.2935226
1070,có bao nhiêu người đang đứng trên tuyết với thiết bị trượt tuyết,192502,136,0.27070025
1071,có bao nhiêu người chơi quần vợt đang tạo dáng trên sân tennis với vợt và bóng,354846,136,0.28769013
1072,có bao nhiêu người phụ nữ ở đó làm món tráng miệng trong bếp,61773,136,0.30672538
1073,có bao nhiêu chiếc hộp đựng đồ xếp chồng lên nhau từ lớn đến nhỏ,198064,136,0.2918426
1074,có bao nhiêu chiếc xúc xích kẹp thịt nướng trên đĩa giấy,404642,136,0.31476843
1075,có bao nhiêu người cưỡi voi trên con đường mòn,13920,136,0.31035814
1076,có bao nhiêu đứa trẻ ăn pizza với người lớn đằng sau chúng,73201,136,0.3011818
1077,có bao nhiêu chiếc ô màu hồng với cây xanh và ghế đá công viên và hoa ở khắp mọi nơi,191972,136,0.29391772
1078,có bao nhiêu con ngựa đua đang đua ngựa qua bãi biển,300887,136,0.29424834
1079,có bao nhiêu con bò ăn cỏ trên cánh đồng cỏ,379279,136,0.31197888
1080,có bao nhiêu thuyền buồm ngồi mà không có buồm trong một con sông cạn,444722,136,0.29225382
1081,có bao nhiêu người trong phòng khách đang chơi nintendo wii,199721,136,0.3200155
1082,có bao nhiêu phụ nữ đẹp mắt trên máy tính đang mỉm cười,212704,136,0.29829273
1083,có bao nhiêu biển báo đường phố trong một khu dân cư,317120,136,0.276376
1084,có bao nhiêu con cừu đang đứng cách xa những con khác,265573,136,0.30857956
1085,có bao nhiêu ly rượu trên một đĩa đầy rượu,153845,136,0.2655104
1086,có bao nhiêu chỗ ngồi trong bàn phòng ăn,552569,136,0.26302448
1087,có bao nhiêu con chim đứng trong nước được lắp ráp theo chiều cao,418847,136,0.29494444
1088,có bao nhiêu người trên một chiếc thuyền nhỏ trong đại dương,576733,136,0.29003373
1089,có bao nhiêu cô gái trẻ bên ngoài xe buýt lưu diễn quảng cáo cho bộ phim 1 giây,129571,136,0.2978985
1090,có bao nhiêu người đang tạo dáng trên sân tennis,217463,136,0.2882752
1091,có bao nhiêu người trên bãi biển với ván lướt sóng và bộ quần áo ướt,25100,136,0.29601917
1092,có bao nhiêu con hươu cao cổ đang đứng trên bãi cỏ bên ngoài để kiếm chút bóng râm,41785,136,0.31071675
1093,có bao nhiêu người đang đứng nhìn chiếc bánh với ngọn nến thắp sáng trên đỉnh,301148,136,0.28783843
1094,có bao nhiêu con hươu cao cổ đang gặm cỏ trong một khu vực có cây cối,24847,136,0.30066073
1095,có bao nhiêu hình ảnh của một hộp có chứa thực phẩm khác nhau,577176,136,0.26246515
1096,có bao nhiêu chiếc bánh rán phủ băng được bày trên khay kim loại,419379,136,0.277461
1097,có bao nhiêu con chó nhỏ là các giống và màu sắc khác nhau,79021,136,0.2850746
1098,có bao nhiêu cái lọ khác nhau trước bức tường trắng,346547,136,0.26477116
1099,có bao nhiêu hình ảnh về các mặt hàng thực phẩm khác nhau,58796,136,0.28275752
1100,có bao nhiêu người đang ngồi trước tòa nhà màu vàng với một chiếc xe máy,486628,136,0.29535002
1101,có bao nhiêu người đàn ông mặc đồng phục cưỡi ngựa băng qua đồng cỏ,403567,136,0.28847554
1102,có bao nhiêu chiếc bánh mì tàu ngầm trên bàn bên cạnh một tách cà phê,403593,136,0.29486775
1103,có bao nhiêu người trượt tuyết bên cạnh một ngọn đồi,551172,136,0.31489766
1104,có bao nhiêu con bê đang đẻ trên đồng cỏ,496439,136,0.30582732
1105,có bao nhiêu người trượt tuyết với trang bị đầy đủ dựa vào một bức tường gạch,579696,136,0.317935
1106,có bao nhiêu bình chứa hoa trắng và tím,557987,136,0.27945614
1107,có bao nhiêu chiếc bánh quy đang nguội trên khay bên cạnh chuối,116223,136,0.27191395
1108,có bao nhiêu lát bánh mì được đặt trên một bề mặt,493601,136,0.27156755
1109,có bao nhiêu biển báo giao thông được gắn trên cùng một biển báo,433616,136,0.26736423
1110,có bao nhiêu con hươu cao cổ đang đứng thẳng trong khi con kia bị uốn éo ở một vị trí kỳ lạ,233553,136,0.31255227
1111,có bao nhiêu con hươu cao cổ đang ăn lá trên ngọn cây bị chặt,191005,136,0.30474988
1112,có bao nhiêu người đàn ông đang đứng trong công viên khi nói chuyện với nhau,145528,136,0.29003322
1113,có bao nhiêu con ngựa trong một khu đất trống có cây cối,474762,136,0.27342287
1114,có bao nhiêu con hươu cao cổ đang ăn trong vườn thú,7697,136,0.3168552
1115,có bao nhiêu hươu cao cổ đứng đằng sau cái khác trong số các bàn chải,504580,136,0.31182373
1116,có bao nhiêu người đàn ông trong những chiếc áo khoác tối đứng gần một người đàn ông,304614,136,0.28932634
1117,có bao nhiêu con voi xám lớn đứng cạnh một tòa nhà,467467,136,0.30270717
1118,có bao nhiêu chiếc ô đầy màu sắc đang treo trên không trung,215374,136,0.29559833
1119,có bao nhiêu con ngựa vằn rải rác khắp đồng cỏ vào một ngày nắng,437467,136,0.29476395
1120,có bao nhiêu đĩa các loại thức ăn,135759,136,0.28832334
1121,có bao nhiêu con chó với chiếc khăn tay ăn thức ăn trên đĩa,321385,136,0.31467667
1122,có bao nhiêu người trên lưng ngựa đang chạy trên mặt nước trước con tàu,437970,136,0.30549008
1123,có bao nhiêu con hươu cao cổ ở cùng nhau trong chuồng của chúng và một số cái cây,126638,136,0.3039925
1124,có bao nhiêu con hươu cao cổ đang đứng trên cỏ cao có cây,205282,136,0.30034783
1125,có bao nhiêu phụ nữ đang mặc mũ bảo hiểm xe đạp màu đen cầm chuối,483757,136,0.28024986
1126,đàn ông có thể xem đồng thời bao nhiêu chiếc ti vi khác nhau,496053,136,0.28228006
1127,có bao nhiêu con ngựa vằn theo sau con khác trên một cảnh quan khô khan,453906,136,0.29451528
1128,có bao nhiêu người lướt ván trên núi với những cái cây ở đằng xa,55517,136,0.30191436
1129,có bao nhiêu người đứng quanh bàn với một cái bánh,362118,136,0.29195145
1130,có bao nhiêu người đàn ông đang đẩy con ngựa lên phía sau của một chiếc xe kéo ngựa,97924,136,0.30761215
1131,có bao nhiêu con hươu cao cổ đang đứng cạnh nhau,148002,136,0.29305503
1132,có bao nhiêu xe tải đậu thành hàng trên đường phố,434991,136,0.2776745
1133,có bao nhiêu người đàn ông tạo dáng chụp ảnh khi họ ngồi trên xe máy của họ,239988,136,0.28750843
1134,có bao nhiêu phụ nữ mặc trang phục trong phòng,75603,136,0.27532446
1135,có bao nhiêu cái bình có kích thước khác nhau đang ngồi trên bàn,9127,136,0.27949566
1136,có bao nhiêu con hươu cao cổ đi bộ trên mặt đất cát,174238,136,0.2795142
1137,có bao nhiêu con ngựa vằn đang đứng trên cỏ bên cây,504635,136,0.2796524
1138,"ridgewood và charles ave , biển báo dừng  bao nhiêu đường",199956,136,0.25891903
1139,có bao nhiêu người chơi trò ném đĩa trên sân cỏ,279176,136,0.29040903
1140,có bao nhiêu quả cam có những khuôn mặt ngộ nghĩnh được vẽ trên chúng,576695,136,0.27804717
1141,một ngày đẹp trời có bao nhiêu con cừu bị xén lông đang ăn cỏ dưới gốc cây,578958,136,0.29914743
1142,có bao nhiêu người đang đi bộ xuống bãi biển với ván lướt sóng,111416,136,0.3038664
1143,có bao nhiêu phụ nữ đang cầm vợt tennis của họ,551001,136,0.27543324
1144,có bao nhiêu người đàn ông mặc đồ trượt tuyết leo dốc cạnh cây,14677,136,0.3047267
1145,có bao nhiêu người đang đứng và ném đĩa bay,67663,136,0.28833985
1146,có bao nhiêu con bò đang úp mặt vào lưng một con bò khác,475423,136,0.32393107
1147,có bao nhiêu người đàn ông đang làm khuôn mặt buồn cười trong khi một người đàn ông khác cười,246084,136,0.30710787
1148,có bao nhiêu cậu bé đang trượt tuyết trong tuyết một mình,571750,136,0.3120668
1149,có bao nhiêu câu chuyện thuyền đang trôi trong hồ có núi bao quanh,391926,136,0.29902247
1150,có bao nhiêu con ngựa vằn đang gặm cỏ trong khi một con khác quan sát từ phía sau,10733,136,0.3029099
1151,có bao nhiêu người đang chơi trò chơi wii trên một chiếc tivi lớn,335758,136,0.29728016
1152,có bao nhiêu người trong dãy phòng đang đặt ra sau một số bát phục vụ,30387,136,0.30290574
1153,có bao nhiêu phụ nữ đứng quanh chiếc bánh và mỉm cười,84211,136,0.27254382
1154,có bao nhiêu sĩ quan hải quân từ các quốc gia khác nhau đang cắt một chiếc bánh cùng nhau,22850,136,0.28906813
1155,có bao nhiêu con ngựa vằn đang phi nước đại cạnh nhau,287302,136,0.32125977
1156,có bao nhiêu người trên bãi biển đang thả diều,494759,136,0.29451185
1157,bao nhiêu người đàn ông mặc lễ phục đang nắm tay nhau,31734,136,0.32116663
1158,có bao nhiêu người chống gậy đi lên núi,24157,136,0.27316773
1159,có bao nhiêu con ngựa chụp ảnh màu đen và trắng,572353,136,0.30562496
1160,có bao nhiêu con chó đang ngồi trên các tầng của một khu vườn trống,81766,136,0.2963662
1161,có bao nhiêu người đi xe đạp cùng với lời thề của một đoàn tàu,239457,136,0.31409764
1162,có bao nhiêu con gấu trong nước lạnh,341383,136,0.32197827
1163,có bao nhiêu con hươu cao cổ đứng cạnh nhau trước cây,452341,136,0.3157544
1164,cái bàn có bao nhiêu xúc xích trên đó,114330,136,0.2895519
1165,có bao nhiêu phụ nữ xinh đẹp đang chèo thuyền trên một vùng nước rộng lớn,87409,136,0.30179828
1166,có bao nhiêu con ngựa vằn đứng xung quanh ngoài tự nhiên,182240,0,0.27030033
1167,có bao nhiêu con cừu đang chăn thả cùng nhau,477828,136,0.28005075
1168,có bao nhiêu con hươu cao cổ trên địa hình đầy cát,17997,136,0.28183958
1169,có bao nhiêu người đang đứng cạnh nhau thả diều trên bầu trời,318813,136,0.2935664
1170,có bao nhiêu hươu cao cổ trong ngày trên cánh đồng cỏ,504580,136,0.3100914
1171,có bao nhiêu ván lướt sóng với những cánh buồm trên mặt nước,510857,136,0.2649166
1172,có bao nhiêu máy bay rời khỏi những con đường mòn trên bầu trời trên dòng điện,548273,136,0.27186954
1173,có bao nhiêu chuyến tàu cạnh nhau tại một ga đường sắt,440346,136,0.2889687
1174,có bao nhiêu máy tính xách tay đang được sử dụng trên một chiếc bàn trắng,174247,136,0.28740007
1175,có bao nhiêu chàng trai đang đi dạo trên bãi biển mang theo ván lướt sóng của họ,340038,136,0.31273854
1176,có bao nhiêu con ngựa vằn đang đối mặt với cùng một cách uống nước từ một hố nước,107751,136,0.28725982
1177,có bao nhiêu người đang đứng trong bếp chuẩn bị thức ăn,192196,136,0.2834037
1178,có bao nhiêu chiếc giường áp phích trong một căn phòng có lò sưởi trong góc,413702,136,0.29376277
1179,có bao nhiêu hình ảnh về một chiếc mô tô có kính chắn gió tùy chỉnh,381482,136,0.2818679
1180,có bao nhiêu con ngựa đang đứng trên một ngọn đồi phủ đầy cỏ,165232,136,0.30624557
1181,trên bàn có bao nhiêu cái hotdog trên đĩa,113905,136,0.26460093
1182,có bao nhiêu con chim đậu trên vỉa hè trong khi những con khác đứng xem,198406,136,0.3167891
1183,có bao nhiêu chiếc bánh rán trông ngon lành trong hộp,64697,136,0.24252579
1184,có bao nhiêu con ngựa vằn trên bãi cỏ nâu trên bầu trời xám trắng,193889,136,0.2843773
1185,có bao nhiêu chiếc bánh nướng xốp được xếp trên đệm ghế,51289,136,0.27889618
1186,có bao nhiêu người đàn ông đang ngồi trên băng ghế công viên khổng lồ,428780,136,0.29667845
1187,có bao nhiêu người ở giữa một trận đấu quần vợt trên sân cỏ,313372,136,0.29723665
1188,có bao nhiêu chai sữa bột trẻ em đang ngồi trên quầy,81042,136,0.27198315
1189,có bao nhiêu con gấu bông nâu được xếp trên kệ,357113,136,0.30059624
1190,có bao nhiêu máy tính xách tay đặt cạnh nhau trên một cái bàn,374333,136,0.30661067
1191,có bao nhiêu người đang mặc đồ trượt tuyết đứng trên một khu vực cao,534633,136,0.31021458
1192,bánh pizza vỏ mỏng có bao nhiêu trứng chiên làm lớp phủ,210635,136,0.25691733
1193,có bao nhiêu chiếc xe đạp có gắn máy làm mát đậu dưới gốc cây,492382,136,0.29331768
1194,"có bao nhiêu chiếc bánh rán khác nhau, một chiếc màu hồng, một chiếc màu nâu",109798,136,0.2791245
1195,có bao nhiêu người cầm ly để rót rượu vào,210844,136,0.31192982
1196,có bao nhiêu người đang chụp ảnh tự sướng bởi một hồ nước với một số tòa nhà ở bên cạnh,389498,136,0.30917242
1197,có bao nhiêu người trượt tuyết chuẩn bị trượt tuyết và tạo dáng trước ống kính,231028,136,0.27808595
1198,có bao nhiêu người đang ngồi bên cạnh một ván lướt sóng trên bãi biển,560851,136,0.299315
1199,có bao nhiêu cái bánh mì kẹp xúc xích đang ngồi trên cát sau tấm kính,72955,136,0.29625827
